Workbook

Sheet Org Setup
A1: EUI-64 | B1: DUIS Role | C1: MPID | D1: DUIS Version | E1: Environment | F1: XMLSigningCert | G1: GBCS DS | H1: GBCS DS Base 64 | I1: GBCS DS Subject Key Identifier | J1: GBCS KA | K1: GBCS KA Base 64 | L1: GBCS KA Subject Key Identifier | M1: GBCS PPKA | N1: GBCS PPKA Base 64 | O1: GBCS PPKA Subject Key Identifier | P1: ADT File | Q1: EUCT / Subset Testing Complete
A2: 70-B3-D5-1F-31-AA-01-00 | B2: IS (1) | C2: HCLT | D2: 3 | E2: SIT-A
A3: 70-B3-D5-1F-31-AA-01-01 | B3: IS (2) | C3: HCLT | D3: 3 | E3: SIT-A
A4: 70-B3-D5-1F-31-AA-01-02 | B4: ES | C4: HCLT | D4: 3 | E4: SIT-A | G4: N/A | H4: N/A | M4: N/A | N4: N/A | P4: Not Required
A5: 70-B3-D5-1F-31-AA-01-03 | B5: GS (1) | C5: HCL | D5: 3 | E5: SIT-A
A6: 70-B3-D5-1F-31-AA-01-04 | B6: GS (2) | C6: HCL | D6: 3 | E6: SIT-A
A7: 70-B3-D5-1F-31-AA-01-05 | B7: ED | C7: HCLT | D7: 3 | E7: SIT-A | M7: N/A | N7: N/A
A8: 70-B3-D5-1F-31-AA-01-06 | B8: GT | C8: HCL | D8: 3 | E8: SIT-A | M8: N/A | N8: N/A
A9: 70-B3-D5-1F-31-AA-01-07 | B9: RSA | C9: HCLT, HCL | D9: 3 | E9: SIT-A | G9: N/A | H9: N/A | M9: N/A | N9: N/A | P9: Not Required
A10: 70-B3-D5-1F-31-AA-01-08 | B10: OU | D10: 3 | E10: SIT-A | G10: N/A | H10: N/A | M10: N/A | N10: N/A | P10: Not Required
A11: 70-B3-D5-1F-31-AA-01-09 | B11: IS (1) | C11: HCLT | D11: 3.1 | E11: SIT-A
A12: 70-B3-D5-1F-31-AA-01-10 | B12: IS (2) | C12: HCLT | D12: 3.1 | E12: SIT-A
A13: 70-B3-D5-1F-31-AA-01-11 | B13: ES | C13: HCLT | D13: 3.1 | E13: SIT-A | G13: N/A | H13: N/A | M13: N/A | N13: N/A | P13: Not Required
A14: 70-B3-D5-1F-31-AA-01-12 | B14: GS (1) | C14: HCL | D14: 3.1 | E14: SIT-A
A15: 70-B3-D5-1F-31-AA-01-13 | B15: GS (2) | C15: HCL | D15: 3.1 | E15: SIT-A
A16: 70-B3-D5-1F-31-AA-01-14 | B16: ED | C16: HCLT | D16: 3.1 | E16: SIT-A | M16: N/A | N16: N/A
A17: 70-B3-D5-1F-31-AA-01-15 | B17: GT | C17: HCL | D17: 3.1 | E17: SIT-A | M17: N/A | N17: N/A
A18: 70-B3-D5-1F-31-AA-01-16 | B18: RSA | C18: HCLT, HCL | D18: 3.1 | E18: SIT-A | G18: N/A | H18: N/A | M18: N/A | N18: N/A | P18: Not Required
A19: 70-B3-D5-1F-31-AA-01-17 | B19: OU | D19: 3.1 | E19: SIT-A | G19: N/A | H19: N/A | M19: N/A | N19: N/A | P19: Not Required
A20: 70-B3-D5-1F-31-AA-01-18 | B20: IS (1) | C20: HCLT | D20: 4 | E20: SIT-A
A21: 70-B3-D5-1F-31-AA-01-19 | B21: IS (2) | C21: HCLT | D21: 4 | E21: SIT-A
A22: 70-B3-D5-1F-31-AA-01-20 | B22: ES | C22: HCLT | D22: 4 | E22: SIT-A | G22: N/A | H22: N/A | M22: N/A | N22: N/A | P22: Not Required
A23: 70-B3-D5-1F-31-AA-01-21 | B23: GS (1) | C23: HCL | D23: 4 | E23: SIT-A
A24: 70-B3-D5-1F-31-AA-01-22 | B24: GS (2) | C24: HCL | D24: 4 | E24: SIT-A
A25: 70-B3-D5-1F-31-AA-01-23 | B25: ED | C25: HCLT | D25: 4 | E25: SIT-A | M25: N/A | N25: N/A
A26: 70-B3-D5-1F-31-AA-01-24 | B26: GT | C26: HCL | D26: 4 | E26: SIT-A | M26: N/A | N26: N/A
A27: 70-B3-D5-1F-31-AA-01-25 | B27: RSA | C27: HCLT, HCL | D27: 4 | E27: SIT-A | G27: N/A | H27: N/A | M27: N/A | N27: N/A | P27: Not Required
A28: 70-B3-D5-1F-31-AA-01-26 | B28: OU | D28: 4 | E28: SIT-A | G28: N/A | H28: N/A | M28: N/A | N28: N/A | P28: Not Required
A29: 70-B3-D5-1F-31-AA-01-27 | B29: IS (1) | C29: HCLT | D29: 5 | E29: SIT-A
A30: 70-B3-D5-1F-31-AA-01-28 | B30: IS (2) | C30: HCLT | D30: 5 | E30: SIT-A
A31: 70-B3-D5-1F-31-AA-01-29 | B31: ES | C31: HCLT | D31: 5 | E31: SIT-A | G31: N/A | H31: N/A | M31: N/A | N31: N/A | P31: Not Required
A32: 70-B3-D5-1F-31-AA-01-30 | B32: GS (1) | C32: HCL | D32: 5 | E32: SIT-A
A33: 70-B3-D5-1F-31-AA-01-31 | B33: GS (2) | C33: HCL | D33: 5 | E33: SIT-A
A34: 70-B3-D5-1F-31-AA-01-32 | B34: ED | C34: HCLT | D34: 5 | E34: SIT-A | M34: N/A | N34: N/A
A35: 70-B3-D5-1F-31-AA-01-33 | B35: GT | C35: HCL | D35: 5 | E35: SIT-A | M35: N/A | N35: N/A
A36: 70-B3-D5-1F-31-AA-01-34 | B36: RSA | C36: HCLT, HCL | D36: 5 | E36: SIT-A | G36: N/A | H36: N/A | M36: N/A | N36: N/A | P36: Not Required
A37: 70-B3-D5-1F-31-AA-01-35 | B37: OU | D37: 5 | E37: SIT-A | G37: N/A | H37: N/A | M37: N/A | N37: N/A | P37: Not Required
A38: 70-B3-D5-1F-31-AA-01-36 | B38: IS (1) | C38: HCLT | D38: 5.1 | E38: SIT-A
A39: 70-B3-D5-1F-31-AA-01-37 | B39: IS (2) | C39: HCLT | D39: 5.1 | E39: SIT-A
A40: 70-B3-D5-1F-31-AA-01-38 | B40: ES | C40: HCLT | D40: 5.1 | E40: SIT-A | G40: N/A | H40: N/A | M40: N/A | N40: N/A | P40: Not Required
A41: 70-B3-D5-1F-31-AA-01-39 | B41: GS (1) | C41: HCL | D41: 5.1 | E41: SIT-A
A42: 70-B3-D5-1F-31-AA-01-40 | B42: GS (2) | C42: HCL | D42: 5.1 | E42: SIT-A
A43: 70-B3-D5-1F-31-AA-01-41 | B43: ED | C43: HCLT | D43: 5.1 | E43: SIT-A | M43: N/A | N43: N/A
A44: 70-B3-D5-1F-31-AA-01-42 | B44: GT | C44: HCL | D44: 5.1 | E44: SIT-A | M44: N/A | N44: N/A
A45: 70-B3-D5-1F-31-AA-01-43 | B45: RSA | C45: HCLT, HCL | D45: 5.1 | E45: SIT-A | G45: N/A | H45: N/A | M45: N/A | N45: N/A | P45: Not Required
A46: 70-B3-D5-1F-31-AA-01-44 | B46: OU | D46: 5.1 | E46: SIT-A | G46: N/A | H46: N/A | M46: N/A | N46: N/A | P46: Not Required
A47: 70-B3-D5-1F-31-AA-01-45 | B47: IS (1) | C47: HCLT | D47: 5.2 | E47: SIT-A
A48: 70-B3-D5-1F-31-AA-01-46 | B48: IS (2) | C48: HCLT | D48: 5.2 | E48: SIT-A
A49: 70-B3-D5-1F-31-AA-01-47 | B49: ES | C49: HCLT | D49: 5.2 | E49: SIT-A | G49: N/A | H49: N/A | M49: N/A | N49: N/A | P49: Not Required
A50: 70-B3-D5-1F-31-AA-01-48 | B50: GS (1) | C50: HCL | D50: 5.2 | E50: SIT-A
A51: 70-B3-D5-1F-31-AA-01-49 | B51: GS (2) | C51: HCL | D51: 5.2 | E51: SIT-A
A52: 70-B3-D5-1F-31-AA-01-50 | B52: ED | C52: HCLT | D52: 5.2 | E52: SIT-A | M52: N/A | N52: N/A
A53: 70-B3-D5-1F-31-AA-01-51 | B53: GT | C53: HCL | D53: 5.2 | E53: SIT-A | M53: N/A | N53: N/A
A54: 70-B3-D5-1F-31-AA-01-52 | B54: RSA | C54: HCLT, HCL | D54: 5.2 | E54: SIT-A | G54: N/A | H54: N/A | M54: N/A | N54: N/A | P54: Not Required
A55: 70-B3-D5-1F-31-AA-01-53 | B55: OU | D55: 5.2 | E55: SIT-A | G55: N/A | H55: N/A | M55: N/A | N55: N/A | P55: Not Required
A56: 70-B3-D5-1F-31-AA-01-54 | B56: IS (1) | C56: HCLT | D56: 5.3 | E56: SIT-A
A57: 70-B3-D5-1F-31-AA-01-55 | B57: IS (2) | C57: HCLT | D57: 5.3 | E57: SIT-A
A58: 70-B3-D5-1F-31-AA-01-56 | B58: ES | C58: HCLT | D58: 5.3 | E58: SIT-A | G58: N/A | H58: N/A | M58: N/A | N58: N/A | P58: Not Required
A59: 70-B3-D5-1F-31-AA-01-57 | B59: GS (1) | C59: HCL | D59: 5.3 | E59: SIT-A
A60: 70-B3-D5-1F-31-AA-01-58 | B60: GS (2) | C60: HCL | D60: 5.3 | E60: SIT-A
A61: 70-B3-D5-1F-31-AA-01-59 | B61: ED | C61: HCLT | D61: 5.3 | E61: SIT-A | M61: N/A | N61: N/A
A62: 70-B3-D5-1F-31-AA-01-60 | B62: GT | C62: HCL | D62: 5.3 | E62: SIT-A | M62: N/A | N62: N/A
A63: 70-B3-D5-1F-31-AA-01-61 | B63: RSA | C63: HCLT, HCL | D63: 5.3 | E63: SIT-A | G63: N/A | H63: N/A | M63: N/A | N63: N/A | P63: Not Required
A64: 70-B3-D5-1F-31-AA-01-62 | B64: OU | D64: 5.3 | E64: SIT-A | G64: N/A | H64: N/A | M64: N/A | N64: N/A | P64: Not Required
A65: 70-B3-D5-1F-31-AA-01-63 | B65: MDR | D65: 5.3 | E65: SIT-A | G65: N/A | H65: N/A | M65: N/A | N65: N/A | P65: Not Required
A66: 70-B3-D5-1F-31-AA-02-00 | B66: IS (1) | C66: HCLT | D66: 3 | E66: SIT-B
A67: 70-B3-D5-1F-31-AA-02-01 | B67: IS (2) | C67: HCLT | D67: 3 | E67: SIT-B
A68: 70-B3-D5-1F-31-AA-02-02 | B68: ES | C68: HCLT | D68: 3 | E68: SIT-B | G68: N/A | H68: N/A | M68: N/A | N68: N/A | P68: Not Required
A69: 70-B3-D5-1F-31-AA-02-03 | B69: GS (1) | C69: HCL | D69: 3 | E69: SIT-B
A70: 70-B3-D5-1F-31-AA-02-04 | B70: GS (2) | C70: HCL | D70: 3 | E70: SIT-B
A71: 70-B3-D5-1F-31-AA-02-05 | B71: ED | C71: HCLT | D71: 3 | E71: SIT-B | M71: N/A | N71: N/A
A72: 70-B3-D5-1F-31-AA-02-06 | B72: GT | C72: HCL | D72: 3 | E72: SIT-B | M72: N/A | N72: N/A
A73: 70-B3-D5-1F-31-AA-02-07 | B73: RSA | C73: HCLT, HCL | D73: 3 | E73: SIT-B | G73: N/A | H73: N/A | M73: N/A | N73: N/A | P73: Not Required
A74: 70-B3-D5-1F-31-AA-02-08 | B74: OU | D74: 3 | E74: SIT-B | G74: N/A | H74: N/A | M74: N/A | N74: N/A | P74: Not Required
A75: 70-B3-D5-1F-31-AA-02-09 | B75: IS (1) | C75: HCLT | D75: 3.1 | E75: SIT-B
A76: 70-B3-D5-1F-31-AA-02-10 | B76: IS (2) | C76: HCLT | D76: 3.1 | E76: SIT-B
A77: 70-B3-D5-1F-31-AA-02-11 | B77: ES | C77: HCLT | D77: 3.1 | E77: SIT-B | G77: N/A | H77: N/A | M77: N/A | N77: N/A | P77: Not Required
A78: 70-B3-D5-1F-31-AA-02-12 | B78: GS (1) | C78: HCL | D78: 3.1 | E78: SIT-B
A79: 70-B3-D5-1F-31-AA-02-13 | B79: GS (2) | C79: HCL | D79: 3.1 | E79: SIT-B
A80: 70-B3-D5-1F-31-AA-02-14 | B80: ED | C80: HCLT | D80: 3.1 | E80: SIT-B | M80: N/A | N80: N/A
A81: 70-B3-D5-1F-31-AA-02-15 | B81: GT | C81: HCL | D81: 3.1 | E81: SIT-B | M81: N/A | N81: N/A
A82: 70-B3-D5-1F-31-AA-02-16 | B82: RSA | C82: HCLT, HCL | D82: 3.1 | E82: SIT-B | G82: N/A | H82: N/A | M82: N/A | N82: N/A | P82: Not Required
A83: 70-B3-D5-1F-31-AA-02-17 | B83: OU | D83: 3.1 | E83: SIT-B | G83: N/A | H83: N/A | M83: N/A | N83: N/A | P83: Not Required
A84: 70-B3-D5-1F-31-AA-02-18 | B84: IS (1) | C84: HCLT | D84: 4 | E84: SIT-B
A85: 70-B3-D5-1F-31-AA-02-19 | B85: IS (2) | C85: HCLT | D85: 4 | E85: SIT-B
A86: 70-B3-D5-1F-31-AA-02-20 | B86: ES | C86: HCLT | D86: 4 | E86: SIT-B | G86: N/A | H86: N/A | M86: N/A | N86: N/A | P86: Not Required
A87: 70-B3-D5-1F-31-AA-02-21 | B87: GS (1) | C87: HCL | D87: 4 | E87: SIT-B
A88: 70-B3-D5-1F-31-AA-02-22 | B88: GS (2) | C88: HCL | D88: 4 | E88: SIT-B
A89: 70-B3-D5-1F-31-AA-02-23 | B89: ED | C89: HCLT | D89: 4 | E89: SIT-B | M89: N/A | N89: N/A
A90: 70-B3-D5-1F-31-AA-02-24 | B90: GT | C90: HCL | D90: 4 | E90: SIT-B | M90: N/A | N90: N/A
A91: 70-B3-D5-1F-31-AA-02-25 | B91: RSA | C91: HCLT, HCL | D91: 4 | E91: SIT-B | G91: N/A | H91: N/A | M91: N/A | N91: N/A | P91: Not Required
A92: 70-B3-D5-1F-31-AA-02-26 | B92: OU | D92: 4 | E92: SIT-B | G92: N/A | H92: N/A | M92: N/A | N92: N/A | P92: Not Required
A93: 70-B3-D5-1F-31-AA-02-27 | B93: IS (1) | C93: HCLT | D93: 5 | E93: SIT-B
A94: 70-B3-D5-1F-31-AA-02-28 | B94: IS (2) | C94: HCLT | D94: 5 | E94: SIT-B
A95: 70-B3-D5-1F-31-AA-02-29 | B95: ES | C95: HCLT | D95: 5 | E95: SIT-B | G95: N/A | H95: N/A | M95: N/A | N95: N/A | P95: Not Required
A96: 70-B3-D5-1F-31-AA-02-30 | B96: GS (1) | C96: HCL | D96: 5 | E96: SIT-B
A97: 70-B3-D5-1F-31-AA-02-31 | B97: GS (2) | C97: HCL | D97: 5 | E97: SIT-B
A98: 70-B3-D5-1F-31-AA-02-32 | B98: ED | C98: HCLT | D98: 5 | E98: SIT-B | M98: N/A | N98: N/A
A99: 70-B3-D5-1F-31-AA-02-33 | B99: GT | C99: HCL | D99: 5 | E99: SIT-B | M99: N/A | N99: N/A
A100: 70-B3-D5-1F-31-AA-02-34 | B100: RSA | C100: HCLT, HCL | D100: 5 | E100: SIT-B | G100: N/A | H100: N/A | M100: N/A | N100: N/A | P100: Not Required
...

Sheet MPAN Data
A1: MPAN | B1: Count | C1: Environment | D1: Current Supplier Association | E1: DUIS Role | F1: DUIS Version | G1: Device GUID | H1: Meter Set Name
A2: 2200041044971 | B2: =COUNTIF(A$2:A$411,A2) -> 1 | C2: UIT-B | D2: 70-B3-D5-1F-31-AA-04-38 | E2: =VLOOKUP(D2,'Org Setup'!A:B,2,0) -> ES | F2: =VLOOKUP(D2,'Org Setup'!A:D,4,0) -> 5.1
A3: 2200041044243 | B3: =COUNTIF(A$2:A$411,A3) -> 1 | C3: UIT-B | D3: 70-B3-D5-1F-31-AA-04-38 | E3: =VLOOKUP(D3,'Org Setup'!A:B,2,0) -> ES | F3: =VLOOKUP(D3,'Org Setup'!A:D,4,0) -> 5.1
A4: 2200040683523 | B4: =COUNTIF(A$2:A$411,A4) -> 1 | C4: UIT-B | D4: 70-B3-D5-1F-31-AA-04-36 | E4: =VLOOKUP(D4,'Org Setup'!A:B,2,0) -> IS (1) | F4: =VLOOKUP(D4,'Org Setup'!A:D,4,0) -> 5.1 | G4: H-DTAF-046-UB
A5: 2200040683505 | B5: =COUNTIF(A$2:A$411,A5) -> 1 | C5: UIT-B | D5: 70-B3-D5-1F-31-AA-04-36 | E5: =VLOOKUP(D5,'Org Setup'!A:B,2,0) -> IS (1) | F5: =VLOOKUP(D5,'Org Setup'!A:D,4,0) -> 5.1 | G5: 00-1D-24-02-01-16-63-A5 | H5: H-DTAF-031-UB
A6: 2200040683277 | B6: =COUNTIF(A$2:A$411,A6) -> 1 | C6: UIT-B | D6: 70-B3-D5-1F-31-AA-04-38 | E6: =VLOOKUP(D6,'Org Setup'!A:B,2,0) -> ES | F6: =VLOOKUP(D6,'Org Setup'!A:D,4,0) -> 5.1 | G6: 98-B1-77-FF-FF-50-DF-4B
A7: 2200023876953 | B7: =COUNTIF(A$2:A$411,A7) -> 1 | C7: UIT-B | D7: 70-B3-D5-1F-31-AA-04-38 | E7: =VLOOKUP(D7,'Org Setup'!A:B,2,0) -> ES | F7: =VLOOKUP(D7,'Org Setup'!A:D,4,0) -> 5.1
A8: 2200023649121 | B8: =COUNTIF(A$2:A$411,A8) -> 1 | C8: UIT-B | D8: 70-B3-D5-1F-31-AA-04-36 | E8: =VLOOKUP(D8,'Org Setup'!A:B,2,0) -> IS (1) | F8: =VLOOKUP(D8,'Org Setup'!A:D,4,0) -> 5.1 | G8: 1C-23-4F-00-00-04-37-15 | H8: H-DTAF-050-UB
A9: 2200023467563 | B9: =COUNTIF(A$2:A$411,A9) -> 1 | C9: UIT-B | D9: 70-B3-D5-1F-31-AA-04-38 | E9: =VLOOKUP(D9,'Org Setup'!A:B,2,0) -> ES | F9: =VLOOKUP(D9,'Org Setup'!A:D,4,0) -> 5.1
A10: 2200023373560 | B10: =COUNTIF(A$2:A$411,A10) -> 1 | C10: UIT-B | D10: 70-B3-D5-1F-31-AA-04-38 | E10: =VLOOKUP(D10,'Org Setup'!A:B,2,0) -> ES | F10: =VLOOKUP(D10,'Org Setup'!A:D,4,0) -> 5.1 | G10: 98-B1-77-FF-FF-50-DF-00
A11: 2200022873367 | B11: =COUNTIF(A$2:A$411,A11) -> 1 | C11: UIT-B | D11: 70-B3-D5-1F-31-AA-04-36 | E11: =VLOOKUP(D11,'Org Setup'!A:B,2,0) -> IS (1) | F11: =VLOOKUP(D11,'Org Setup'!A:D,4,0) -> 5.1 | G11: 98-B1-77-FF-FF-36-D0-E1 | H11: H-DTAF-048-UB
A12: 2200021898741 | B12: =COUNTIF(A$2:A$411,A12) -> 1 | C12: UIT-B | D12: 70-B3-D5-1F-31-AA-04-38 | E12: =VLOOKUP(D12,'Org Setup'!A:B,2,0) -> ES | F12: =VLOOKUP(D12,'Org Setup'!A:D,4,0) -> 5.1
A13: 2200021745799 | B13: =COUNTIF(A$2:A$411,A13) -> 1 | C13: UIT-B | D13: 70-B3-D5-1F-31-AA-04-36 | E13: =VLOOKUP(D13,'Org Setup'!A:B,2,0) -> IS (1) | F13: =VLOOKUP(D13,'Org Setup'!A:D,4,0) -> 5.1 | G13: 98-B1-77-FF-FF-36-F8-4A | H13: H-DTAF-034-UB
A14: 2200021384988 | B14: =COUNTIF(A$2:A$411,A14) -> 1 | C14: UIT-B | D14: 70-B3-D5-1F-31-AA-04-36 | E14: =VLOOKUP(D14,'Org Setup'!A:B,2,0) -> IS (1) | F14: =VLOOKUP(D14,'Org Setup'!A:D,4,0) -> 5.1 | G14: 00-1D-24-02-01-16-63-A3 | H14: H-DTAF-051-UB
A15: 2200020312779 | B15: =COUNTIF(A$2:A$411,A15) -> 1 | C15: UIT-B | D15: 70-B3-D5-1F-31-AA-04-38 | E15: =VLOOKUP(D15,'Org Setup'!A:B,2,0) -> ES | F15: =VLOOKUP(D15,'Org Setup'!A:D,4,0) -> 5.1
A16: 2200020312157 | B16: =COUNTIF(A$2:A$411,A16) -> 1 | C16: UIT-B | D16: 70-B3-D5-1F-31-AA-04-36 | E16: =VLOOKUP(D16,'Org Setup'!A:B,2,0) -> IS (1) | F16: =VLOOKUP(D16,'Org Setup'!A:D,4,0) -> 5.1 | G16: 00-1D-24-02-01-16-63-A8 | H16: H-DTAF-052-UB
A17: 2200020312120 | B17: =COUNTIF(A$2:A$411,A17) -> 1 | C17: UIT-B | D17: 70-B3-D5-1F-31-AA-04-36 | E17: =VLOOKUP(D17,'Org Setup'!A:B,2,0) -> IS (1) | F17: =VLOOKUP(D17,'Org Setup'!A:D,4,0) -> 5.1 | G17: 98-B1-77-FF-FF-36-D0-A1 | H17: H-DTAF-049-UB
A18: 2200019493881 | B18: =COUNTIF(A$2:A$411,A18) -> 1 | C18: UIT-B | D18: 70-B3-D5-1F-31-AA-04-38 | E18: =VLOOKUP(D18,'Org Setup'!A:B,2,0) -> ES | F18: =VLOOKUP(D18,'Org Setup'!A:D,4,0) -> 5.1
A19: 2200019493482 | B19: =COUNTIF(A$2:A$411,A19) -> 1 | C19: UIT-B | D19: 70-B3-D5-1F-31-AA-04-38 | E19: =VLOOKUP(D19,'Org Setup'!A:B,2,0) -> ES | F19: =VLOOKUP(D19,'Org Setup'!A:D,4,0) -> 5.1
A20: 2200019439607 | B20: =COUNTIF(A$2:A$411,A20) -> 1 | C20: UIT-B | D20: 70-B3-D5-1F-31-AA-04-36 | E20: =VLOOKUP(D20,'Org Setup'!A:B,2,0) -> IS (1) | F20: =VLOOKUP(D20,'Org Setup'!A:D,4,0) -> 5.1 | G20: 1C-23-4F-00-00-03-EB-BC | H20: H-DTAF-053-UB
A21: 2200019439582 | B21: =COUNTIF(A$2:A$411,A21) -> 1 | C21: UIT-B | D21: 70-B3-D5-1F-31-AA-04-36 | E21: =VLOOKUP(D21,'Org Setup'!A:B,2,0) -> IS (1) | F21: =VLOOKUP(D21,'Org Setup'!A:D,4,0) -> 5.1 | G21: 00-1D-24-02-01-30-96-51 | H21: H-DTAF-093-UB
A22: 2200019154030 | B22: =COUNTIF(A$2:A$411,A22) -> 1 | C22: UIT-B | D22: 70-B3-D5-1F-31-AA-04-36 | E22: =VLOOKUP(D22,'Org Setup'!A:B,2,0) -> IS (1) | F22: =VLOOKUP(D22,'Org Setup'!A:D,4,0) -> 5.1 | G22: 00-1D-24-02-01-1B-22-4D | H22: H-DTAF-100-UB
A23: 2200019066819 | B23: =COUNTIF(A$2:A$411,A23) -> 1 | C23: UIT-B | D23: 70-B3-D5-1F-31-AA-04-36 | E23: =VLOOKUP(D23,'Org Setup'!A:B,2,0) -> IS (1) | F23: =VLOOKUP(D23,'Org Setup'!A:D,4,0) -> 5.1
A24: 2200018610210 | B24: =COUNTIF(A$2:A$411,A24) -> 1 | C24: UIT-B | D24: 70-B3-D5-1F-31-AA-04-36 | E24: =VLOOKUP(D24,'Org Setup'!A:B,2,0) -> IS (1) | F24: =VLOOKUP(D24,'Org Setup'!A:D,4,0) -> 5.1
A25: 2200018525247 | B25: =COUNTIF(A$2:A$411,A25) -> 1 | C25: UIT-B | D25: 70-B3-D5-1F-31-AA-04-36 | E25: =VLOOKUP(D25,'Org Setup'!A:B,2,0) -> IS (1) | F25: =VLOOKUP(D25,'Org Setup'!A:D,4,0) -> 5.1
A26: 2200018261992 | B26: =COUNTIF(A$2:A$411,A26) -> 1 | C26: UIT-B | D26: 70-B3-D5-1F-31-AA-04-38 | E26: =VLOOKUP(D26,'Org Setup'!A:B,2,0) -> ES | F26: =VLOOKUP(D26,'Org Setup'!A:D,4,0) -> 5.1
A27: 2200017850818 | B27: =COUNTIF(A$2:A$411,A27) -> 1 | C27: UIT-B | D27: 70-B3-D5-1F-31-AA-04-38 | E27: =VLOOKUP(D27,'Org Setup'!A:B,2,0) -> ES | F27: =VLOOKUP(D27,'Org Setup'!A:D,4,0) -> 5.1
A28: 2200017806891 | B28: =COUNTIF(A$2:A$411,A28) -> 1 | C28: UIT-B | D28: 70-B3-D5-1F-31-AA-04-36 | E28: =VLOOKUP(D28,'Org Setup'!A:B,2,0) -> IS (1) | F28: =VLOOKUP(D28,'Org Setup'!A:D,4,0) -> 5.1
A29: 2200016368910 | B29: =COUNTIF(A$2:A$411,A29) -> 1 | C29: UIT-B | D29: 70-B3-D5-1F-31-AA-04-36 | E29: =VLOOKUP(D29,'Org Setup'!A:B,2,0) -> IS (1) | F29: =VLOOKUP(D29,'Org Setup'!A:D,4,0) -> 5.1 | G29: 98-B1-77-FF-FF-50-DE-DB | H29: H-DTAF-012-UB
A30: 2200016368895 | B30: =COUNTIF(A$2:A$411,A30) -> 1 | C30: UIT-B | D30: 70-B3-D5-1F-31-AA-04-38 | E30: =VLOOKUP(D30,'Org Setup'!A:B,2,0) -> ES | F30: =VLOOKUP(D30,'Org Setup'!A:D,4,0) -> 5.1
A31: 2200015982762 | B31: =COUNTIF(A$2:A$411,A31) -> 1 | C31: UIT-B | D31: 70-B3-D5-1F-31-AA-04-36 | E31: =VLOOKUP(D31,'Org Setup'!A:B,2,0) -> IS (1) | F31: =VLOOKUP(D31,'Org Setup'!A:D,4,0) -> 5.1 | G31: 98-B1-77-FF-FF-50-DF-00 | H31: H-DTAF-004-UB
A32: 2200015982498 | B32: =COUNTIF(A$2:A$411,A32) -> 1 | C32: UIT-B | D32: 70-B3-D5-1F-31-AA-04-36 | E32: =VLOOKUP(D32,'Org Setup'!A:B,2,0) -> IS (1) | F32: =VLOOKUP(D32,'Org Setup'!A:D,4,0) -> 5.1
A33: 2200014865245 | B33: =COUNTIF(A$2:A$411,A33) -> 1 | C33: UIT-B | D33: 70-B3-D5-1F-31-AA-04-36 | E33: =VLOOKUP(D33,'Org Setup'!A:B,2,0) -> IS (1) | F33: 5.3 | G33: 98-B1-77-FF-FF-50-DF-01 | H33: H-DTAF-030-UB | I33: Has ACB certs
A34: 2200014373954 | B34: =COUNTIF(A$2:A$411,A34) -> 1 | C34: UIT-B | D34: 70-B3-D5-1F-31-AA-04-36 | E34: =VLOOKUP(D34,'Org Setup'!A:B,2,0) -> IS (1) | F34: =VLOOKUP(D34,'Org Setup'!A:D,4,0) -> 5.1
A35: 2200013654746 | B35: =COUNTIF(A$2:A$411,A35) -> 1 | C35: UIT-B | D35: 70-B3-D5-1F-31-AA-04-36 | E35: =VLOOKUP(D35,'Org Setup'!A:B,2,0) -> IS (1) | F35: =VLOOKUP(D35,'Org Setup'!A:D,4,0) -> 5.1
A36: 2200013609390 | B36: =COUNTIF(A$2:A$411,A36) -> 1 | C36: UIT-B | D36: 70-B3-D5-1F-31-AA-04-36 | E36: =VLOOKUP(D36,'Org Setup'!A:B,2,0) -> IS (1) | F36: 4 | G36: 98-B1-77-FF-FF-50-DF-22 | H36: H-DTAF-019-UB | I36: This has certs for 04-36 in Device. | J36: E4 when sending 6.23
A37: 2200013580369 | B37: =COUNTIF(A$2:A$411,A37) -> 1 | C37: UIT-B | D37: 70-B3-D5-1F-31-AA-04-36 | E37: =VLOOKUP(D37,'Org Setup'!A:B,2,0) -> IS (1) | F37: =VLOOKUP(D37,'Org Setup'!A:D,4,0) -> 5.1
A38: 2200012999851 | B38: =COUNTIF(A$2:A$411,A38) -> 1 | C38: UIT-B | D38: 70-B3-D5-1F-31-AA-04-36 | E38: =VLOOKUP(D38,'Org Setup'!A:B,2,0) -> IS (1) | F38: =VLOOKUP(D38,'Org Setup'!A:D,4,0) -> 5.1
A39: 2200012654008 | B39: =COUNTIF(A$2:A$411,A39) -> 1 | C39: UIT-B | D39: 70-B3-D5-1F-31-AA-04-36 | E39: =VLOOKUP(D39,'Org Setup'!A:B,2,0) -> IS (1) | F39: =VLOOKUP(D39,'Org Setup'!A:D,4,0) -> 5.1
A40: 2200011409163 | B40: =COUNTIF(A$2:A$411,A40) -> 1 | C40: UIT-B | D40: 70-B3-D5-1F-31-AA-04-36 | E40: =VLOOKUP(D40,'Org Setup'!A:B,2,0) -> IS (1) | F40: =VLOOKUP(D40,'Org Setup'!A:D,4,0) -> 5.1
A41: 2200011333220 | B41: =COUNTIF(A$2:A$411,A41) -> 1 | C41: UIT-B | D41: 70-B3-D5-1F-31-AA-04-36 | E41: =VLOOKUP(D41,'Org Setup'!A:B,2,0) -> IS (1) | F41: =VLOOKUP(D41,'Org Setup'!A:D,4,0) -> 5.1
A42: 2200011258441 | B42: =COUNTIF(A$2:A$411,A42) -> 1 | C42: UIT-B | D42: 70-B3-D5-1F-31-AA-04-36 | E42: =VLOOKUP(D42,'Org Setup'!A:B,2,0) -> IS (1) | F42: =VLOOKUP(D42,'Org Setup'!A:D,4,0) -> 5.1
A43: 2199999297268 | B43: =COUNTIF(A$2:A$411,A43) -> 2 | C43: UIT-B | D43: 70-B3-D5-1F-31-AA-04-38 | E43: =VLOOKUP(D43,'Org Setup'!A:B,2,0) -> ES | F43: =VLOOKUP(D43,'Org Setup'!A:D,4,0) -> 5.1
A44: 2199999297268 | B44: =COUNTIF(A$2:A$411,A44) -> 2 | C44: UIT-A | D44: 70-B3-D5-1F-31-AA-03-36 | E44: =VLOOKUP(D44,'Org Setup'!A:B,2,0) -> IS (1) | F44: =VLOOKUP(D44,'Org Setup'!A:D,4,0) -> 5.1 | G44: 00-1D-24-02-01-16-63-A6 | H44: H-DTAF-101-UA
A45: 2199993024155 | B45: =COUNTIF(A$2:A$411,A45) -> 1 | C45: UIT-A | D45: 70-B3-D5-1F-31-AA-03-36 | E45: =VLOOKUP(D45,'Org Setup'!A:B,2,0) -> IS (1) | F45: =VLOOKUP(D45,'Org Setup'!A:D,4,0) -> 5.1
A46: 2199992990767 | B46: =COUNTIF(A$2:A$411,A46) -> 1 | C46: UIT-A | D46: 70-B3-D5-1F-31-AA-03-36 | E46: =VLOOKUP(D46,'Org Setup'!A:B,2,0) -> IS (1) | F46: =VLOOKUP(D46,'Org Setup'!A:D,4,0) -> 5.1
A47: 2199992990590 | B47: =COUNTIF(A$2:A$411,A47) -> 1 | C47: UIT-A | D47: 70-B3-D5-1F-31-AA-03-36 | E47: =VLOOKUP(D47,'Org Setup'!A:B,2,0) -> IS (1) | F47: =VLOOKUP(D47,'Org Setup'!A:D,4,0) -> 5.1
A48: 2199992990438 | B48: =COUNTIF(A$2:A$411,A48) -> 1 | C48: UIT-A | D48: 70-B3-D5-1F-31-AA-03-36 | E48: =VLOOKUP(D48,'Org Setup'!A:B,2,0) -> IS (1) | F48: =VLOOKUP(D48,'Org Setup'!A:D,4,0) -> 5.1
A49: 2199990491623 | B49: =COUNTIF(A$2:A$411,A49) -> 1 | C49: UIT-B | D49: 70-B3-D5-1F-31-AA-04-36 | E49: =VLOOKUP(D49,'Org Setup'!A:B,2,0) -> IS (1) | F49: =VLOOKUP(D49,'Org Setup'!A:D,4,0) -> 5.1
A50: 2199989320947 | B50: =COUNTIF(A$2:A$411,A50) -> 1 | C50: UIT-B | D50: 70-B3-D5-1F-31-AA-04-36 | E50: =VLOOKUP(D50,'Org Setup'!A:B,2,0) -> IS (1) | F50: =VLOOKUP(D50,'Org Setup'!A:D,4,0) -> 5.1
A51: 2198765294240 | B51: =COUNTIF(A$2:A$411,A51) -> 1 | C51: UIT-A | D51: 70-B3-D5-1F-31-AA-03-36 | E51: =VLOOKUP(D51,'Org Setup'!A:B,2,0) -> IS (1) | F51: =VLOOKUP(D51,'Org Setup'!A:D,4,0) -> 5.1
A52: 2000053455310 | B52: =COUNTIF(A$2:A$411,A52) -> 1 | C52: UIT-A | D52: 70-B3-D5-1F-31-AA-03-36 | E52: =VLOOKUP(D52,'Org Setup'!A:B,2,0) -> IS (1) | F52: =VLOOKUP(D52,'Org Setup'!A:D,4,0) -> 5.1
A53: 2000053386535 | B53: =COUNTIF(A$2:A$411,A53) -> 1 | C53: UIT-B | D53: 70-B3-D5-1F-31-AA-04-38 | E53: =VLOOKUP(D53,'Org Setup'!A:B,2,0) -> ES | F53: =VLOOKUP(D53,'Org Setup'!A:D,4,0) -> 5.1
A54: 2000053300236 | B54: =COUNTIF(A$2:A$411,A54) -> 2 | C54: UIT-B | D54: 70-B3-D5-1F-31-AA-04-38 | E54: =VLOOKUP(D54,'Org Setup'!A:B,2,0) -> ES | F54: =VLOOKUP(D54,'Org Setup'!A:D,4,0) -> 5.1
A55: 2000053300236 | B55: =COUNTIF(A$2:A$411,A55) -> 2 | C55: UIT-A | D55: 70-B3-D5-1F-31-AA-03-38 | E55: =VLOOKUP(D55,'Org Setup'!A:B,2,0) -> ES | F55: =VLOOKUP(D55,'Org Setup'!A:D,4,0) -> 5.1 | G55: 1C-23-4F-00-00-19-34-48
A56: 2000053290925 | B56: =COUNTIF(A$2:A$411,A56) -> 1 | C56: UIT-B | D56: 70-B3-D5-1F-31-AA-04-38 | E56: =VLOOKUP(D56,'Org Setup'!A:B,2,0) -> ES | F56: =VLOOKUP(D56,'Org Setup'!A:D,4,0) -> 5.1
A57: 2000053267536 | B57: =COUNTIF(A$2:A$411,A57) -> 1 | C57: UIT-B | D57: 70-B3-D5-1F-31-AA-04-38 | E57: =VLOOKUP(D57,'Org Setup'!A:B,2,0) -> ES | F57: =VLOOKUP(D57,'Org Setup'!A:D,4,0) -> 5.1
A58: 2000053267484 | B58: =COUNTIF(A$2:A$411,A58) -> 1 | C58: UIT-A | D58: 70-B3-D5-1F-31-AA-03-38 | E58: =VLOOKUP(D58,'Org Setup'!A:B,2,0) -> ES | F58: =VLOOKUP(D58,'Org Setup'!A:D,4,0) -> 5.1 | G58: 98-B1-77-FF-FF-36-D0-81
A59: 2000053255390 | B59: =COUNTIF(A$2:A$411,A59) -> 2 | C59: UIT-B | D59: 70-B3-D5-1F-31-AA-04-38 | E59: =VLOOKUP(D59,'Org Setup'!A:B,2,0) -> ES | F59: =VLOOKUP(D59,'Org Setup'!A:D,4,0) -> 5.1
A60: 2000053255390 | B60: =COUNTIF(A$2:A$411,A60) -> 2 | C60: UIT-A | D60: 70-B3-D5-1F-31-AA-03-38 | E60: =VLOOKUP(D60,'Org Setup'!A:B,2,0) -> ES | F60: =VLOOKUP(D60,'Org Setup'!A:D,4,0) -> 5.1
A61: 2000053251768 | B61: =COUNTIF(A$2:A$411,A61) -> 1 | C61: UIT-B | D61: 70-B3-D5-1F-31-AA-04-38 | E61: =VLOOKUP(D61,'Org Setup'!A:B,2,0) -> ES | F61: =VLOOKUP(D61,'Org Setup'!A:D,4,0) -> 5.1
A62: 2000053228954 | B62: =COUNTIF(A$2:A$411,A62) -> 1 | C62: UIT-B | D62: 70-B3-D5-1F-31-AA-04-38 | E62: =VLOOKUP(D62,'Org Setup'!A:B,2,0) -> ES | F62: =VLOOKUP(D62,'Org Setup'!A:D,4,0) -> 5.1
A63: 2000053221903 | B63: =COUNTIF(A$2:A$411,A63) -> 1 | C63: UIT-A | D63: 70-B3-D5-1F-31-AA-03-36 | E63: =VLOOKUP(D63,'Org Setup'!A:B,2,0) -> IS (1) | F63: =VLOOKUP(D63,'Org Setup'!A:D,4,0) -> 5.1
A64: 2000053211046 | B64: =COUNTIF(A$2:A$411,A64) -> 1 | C64: UIT-B | D64: 70-B3-D5-1F-31-AA-04-38 | E64: =VLOOKUP(D64,'Org Setup'!A:B,2,0) -> ES | F64: =VLOOKUP(D64,'Org Setup'!A:D,4,0) -> 5.1
A65: 2000053137730 | B65: =COUNTIF(A$2:A$411,A65) -> 1 | C65: UIT-B | D65: 70-B3-D5-1F-31-AA-04-38 | E65: =VLOOKUP(D65,'Org Setup'!A:B,2,0) -> ES | F65: =VLOOKUP(D65,'Org Setup'!A:D,4,0) -> 5.1
A66: 2000053104229 | B66: =COUNTIF(A$2:A$411,A66) -> 1 | C66: UIT-B | D66: 70-B3-D5-1F-31-AA-04-38 | E66: =VLOOKUP(D66,'Org Setup'!A:B,2,0) -> ES | F66: =VLOOKUP(D66,'Org Setup'!A:D,4,0) -> 5.1
A67: 2000053075599 | B67: =COUNTIF(A$2:A$411,A67) -> 1 | C67: UIT-B | D67: 70-B3-D5-1F-31-AA-04-38 | E67: =VLOOKUP(D67,'Org Setup'!A:B,2,0) -> ES | F67: =VLOOKUP(D67,'Org Setup'!A:D,4,0) -> 5.1
A68: 2000053063501 | B68: =COUNTIF(A$2:A$411,A68) -> 1 | C68: UIT-B | D68: 70-B3-D5-1F-31-AA-04-38 | E68: =VLOOKUP(D68,'Org Setup'!A:B,2,0) -> ES | F68: =VLOOKUP(D68,'Org Setup'!A:D,4,0) -> 5.1
A69: 2000053061114 | B69: =COUNTIF(A$2:A$411,A69) -> 1 | C69: UIT-B | D69: 70-B3-D5-1F-31-AA-04-38 | E69: =VLOOKUP(D69,'Org Setup'!A:B,2,0) -> ES | F69: =VLOOKUP(D69,'Org Setup'!A:D,4,0) -> 5.1
A70: 2000053035416 | B70: =COUNTIF(A$2:A$411,A70) -> 2 | C70: UIT-B | D70: 70-B3-D5-1F-31-AA-04-38 | E70: =VLOOKUP(D70,'Org Setup'!A:B,2,0) -> ES | F70: =VLOOKUP(D70,'Org Setup'!A:D,4,0) -> 5.1
... A82: 2000052523875 | B82: =COUNTIF(A$2:A$411,A82) -> 1 | C82: UIT-B | D82: 70-B3-D5-1F-31-AA-04-38 | E82: =VLOOKUP(D82,'Org Setup'!A:B,2,0) -> ES | F82: =VLOOKUP(D82,'Org Setup'!A:D,4,0) -> 5.1
A83: 2000052449496 | B83: =COUNTIF(A$2:A$411,A83) -> 1 | C83: UIT-B | D83: 70-B3-D5-1F-31-AA-04-38 | E83: =VLOOKUP(D83,'Org Setup'!A:B,2,0) -> ES | F83: =VLOOKUP(D83,'Org Setup'!A:D,4,0) -> 5.1 | G83: 00-1D-24-02-01-30-96-56
A84: 2000052425306 | B84: =COUNTIF(A$2:A$411,A84) -> 1 | C84: UIT-B | D84: 70-B3-D5-1F-31-AA-04-38 | E84: =VLOOKUP(D84,'Org Setup'!A:B,2,0) -> ES | F84: =VLOOKUP(D84,'Org Setup'!A:D,4,0) -> 5.1
A85: 2000052372833 | B85: =COUNTIF(A$2:A$411,A85) -> 1 | C85: UIT-B | D85: 70-B3-D5-1F-31-AA-04-38 | E85: =VLOOKUP(D85,'Org Setup'!A:B,2,0) -> ES | F85: =VLOOKUP(D85,'Org Setup'!A:D,4,0) -> 5.1
A86: 2000052325940 | B86: =COUNTIF(A$2:A$411,A86) -> 1 | C86: UIT-B | D86: 70-B3-D5-1F-31-AA-04-38 | E86: =VLOOKUP(D86,'Org Setup'!A:B,2,0) -> ES | F86: =VLOOKUP(D86,'Org Setup'!A:D,4,0) -> 5.1
A87: 2000052318279 | B87: =COUNTIF(A$2:A$411,A87) -> 2 | C87: UIT-B | D87: 70-B3-D5-1F-31-AA-04-38 | E87: =VLOOKUP(D87,'Org Setup'!A:B,2,0) -> ES | F87: =VLOOKUP(D87,'Org Setup'!A:D,4,0) -> 5.1
A88: 2000052318279 | B88: =COUNTIF(A$2:A$411,A88) -> 2 | C88: UIT-A | D88: 70-B3-D5-1F-31-AA-03-38 | E88: =VLOOKUP(D88,'Org Setup'!A:B,2,0) -> ES | F88: =VLOOKUP(D88,'Org Setup'!A:D,4,0) -> 5.1
A89: 2000052221122 | B89: =COUNTIF(A$2:A$411,A89) -> 1 | C89: UIT-A | D89: 70-B3-D5-1F-31-AA-03-36 | E89: =VLOOKUP(D89,'Org Setup'!A:B,2,0) -> IS (1) | F89: =VLOOKUP(D89,'Org Setup'!A:D,4,0) -> 5.1
A90: 2000052156607 | B90: =COUNTIF(A$2:A$411,A90) -> 1 | C90: UIT-A | D90: 70-B3-D5-1F-31-AA-03-38 | E90: =VLOOKUP(D90,'Org Setup'!A:B,2,0) -> ES | F90: =VLOOKUP(D90,'Org Setup'!A:D,4,0) -> 5.1
A91: 2000052109652 | B91: =COUNTIF(A$2:A$411,A91) -> 1 | C91: UIT-A | D91: 70-B3-D5-1F-31-AA-03-36 | E91: =VLOOKUP(D91,'Org Setup'!A:B,2,0) -> IS (1) | F91: =VLOOKUP(D91,'Org Setup'!A:D,4,0) -> 5.1
A92: 2000052085912 | B92: =COUNTIF(A$2:A$411,A92) -> 1 | C92: UIT-A | D92: 70-B3-D5-1F-31-AA-03-36 | E92: =VLOOKUP(D92,'Org Setup'!A:B,2,0) -> IS (1) | F92: =VLOOKUP(D92,'Org Setup'!A:D,4,0) -> 5.1
A93: 2000052014753 | B93: =COUNTIF(A$2:A$411,A93) -> 1 | C93: UIT-A | D93: 70-B3-D5-1F-31-AA-03-38 | E93: =VLOOKUP(D93,'Org Setup'!A:B,2,0) -> ES | F93: =VLOOKUP(D93,'Org Setup'!A:D,4,0) -> 5.1
A94: 2000051970452 | B94: =COUNTIF(A$2:A$411,A94) -> 1 | C94: UIT-A | D94: 70-B3-D5-1F-31-AA-03-38 | E94: =VLOOKUP(D94,'Org Setup'!A:B,2,0) -> ES | F94: =VLOOKUP(D94,'Org Setup'!A:D,4,0) -> 5.1 | G94: 00-1D-24-02-01-16-63-A6 | H94: H-DTAF-101-UA
A95: 2000051803575 | B95: =COUNTIF(A$2:A$411,A95) -> 1 | C95: UIT-A | D95: 70-B3-D5-1F-31-AA-03-38 | E95: =VLOOKUP(D95,'Org Setup'!A:B,2,0) -> ES | F95: =VLOOKUP(D95,'Org Setup'!A:D,4,0) -> 5.1
A96: 2000051801373 | B96: =COUNTIF(A$2:A$411,A96) -> 1 | C96: UIT-A | D96: 70-B3-D5-1F-31-AA-03-38 | E96: =VLOOKUP(D96,'Org Setup'!A:B,2,0) -> ES | F96: =VLOOKUP(D96,'Org Setup'!A:D,4,0) -> 5.1
A97: 2000051738010 | B97: =COUNTIF(A$2:A$411,A97) -> 1 | C97: UIT-A | D97: 70-B3-D5-1F-31-AA-03-38 | E97: =VLOOKUP(D97,'Org Setup'!A:B,2,0) -> ES | F97: =VLOOKUP(D97,'Org Setup'!A:D,4,0) -> 5.1
A98: 2000051721080 | B98: =COUNTIF(A$2:A$411,A98) -> 1 | C98: UIT-A | D98: 70-B3-D5-1F-31-AA-03-38 | E98: =VLOOKUP(D98,'Org Setup'!A:B,2,0) -> ES | F98: =VLOOKUP(D98,'Org Setup'!A:D,4,0) -> 5.1
A99: 2000051707305 | B99: =COUNTIF(A$2:A$411,A99) -> 1 | C99: UIT-A | D99: 70-B3-D5-1F-31-AA-03-36 | E99: =VLOOKUP(D99,'Org Setup'!A:B,2,0) -> IS (1) | F99: =VLOOKUP(D99,'Org Setup'!A:D,4,0) -> 5.1
A100: 2000051231937 | B100: =COUNTIF(A$2:A$411,A100) -> 1 | C100: UIT-A | D100: 70-B3-D5-1F-31-AA-03-38 | E100: =VLOOKUP(D100,'Org Setup'!A:B,2,0) -> ES | F100: =VLOOKUP(D100,'Org Setup'!A:D,4,0) -> 5.1
A101: 2000050669261 | B101: =COUNTIF(A$2:A$411,A101) -> 1 | C101: UIT-A | D101: 70-B3-D5-1F-31-AA-03-38 | E101: =VLOOKUP(D101,'Org Setup'!A:B,2,0) -> ES | F101: =VLOOKUP(D101,'Org Setup'!A:D,4,0) -> 5.1
A102: 2000050412500 | B102: =COUNTIF(A$2:A$411,A102) -> 1 | C102: UIT-A | D102: 70-B3-D5-1F-31-AA-03-36 | E102: =VLOOKUP(D102,'Org Setup'!A:B,2,0) -> IS (1) | F102: =VLOOKUP(D102,'Org Setup'!A:D,4,0) -> 5.1
A103: 2000050030665 | B103: =COUNTIF(A$2:A$411,A103) -> 1 | C103: UIT-A | D103: 70-B3-D5-1F-31-AA-03-38 | E103: =VLOOKUP(D103,'Org Setup'!A:B,2,0) -> ES | F103: =VLOOKUP(D103,'Org Setup'!A:D,4,0) -> 5.1
A104: 2000023790447 | B104: =COUNTIF(A$2:A$411,A104) -> 1 | C104: UIT-A | D104: 70-B3-D5-1F-31-AA-03-38 | E104: =VLOOKUP(D104,'Org Setup'!A:B,2,0) -> ES | F104: =VLOOKUP(D104,'Org Setup'!A:D,4,0) -> 5.1
A105: 2000023658650 | B105: =COUNTIF(A$2:A$411,A105) -> 1 | C105: UIT-A | D105: 70-B3-D5-1F-31-AA-03-38 | E105: =VLOOKUP(D105,'Org Setup'!A:B,2,0) -> ES | F105: =VLOOKUP(D105,'Org Setup'!A:D,4,0) -> 5.1
A106: 2000023534218 | B106: =COUNTIF(A$2:A$411,A106) -> 1 | C106: UIT-A | D106: 70-B3-D5-1F-31-AA-03-38 | E106: =VLOOKUP(D106,'Org Setup'!A:B,2,0) -> ES | F106: =VLOOKUP(D106,'Org Setup'!A:D,4,0) -> 5.1
A107: 2000023464703 | B107: =COUNTIF(A$2:A$411,A107) -> 1 | C107: UIT-A | D107: 70-B3-D5-1F-31-AA-03-36 | E107: =VLOOKUP(D107,'Org Setup'!A:B,2,0) -> IS (1) | F107: =VLOOKUP(D107,'Org Setup'!A:D,4,0) -> 5.1 | G107: TLO - TAF test set
A108: 2000023457992 | B108: =COUNTIF(A$2:A$411,A108) -> 1 | C108: UIT-A | D108: 70-B3-D5-1F-31-AA-03-36 | E108: =VLOOKUP(D108,'Org Setup'!A:B,2,0) -> IS (1) | F108: =VLOOKUP(D108,'Org Setup'!A:D,4,0) -> 5.1
A109: 2000023390450 | B109: =COUNTIF(A$2:A$411,A109) -> 1 | C109: UIT-A | D109: 70-B3-D5-1F-31-AA-03-36 | E109: =VLOOKUP(D109,'Org Setup'!A:B,2,0) -> IS (1) | F109: =VLOOKUP(D109,'Org Setup'!A:D,4,0) -> 5.1
A110: 2000023323668 | B110: =COUNTIF(A$2:A$411,A110) -> 1 | C110: UIT-A | D110: 70-B3-D5-1F-31-AA-03-38 | E110: =VLOOKUP(D110,'Org Setup'!A:B,2,0) -> ES | F110: =VLOOKUP(D110,'Org Setup'!A:D,4,0) -> 5.1
A111: 2000022931328 | B111: =COUNTIF(A$2:A$411,A111) -> 1 | C111: UIT-A | D111: 70-B3-D5-1F-31-AA-03-36 | E111: =VLOOKUP(D111,'Org Setup'!A:B,2,0) -> IS (1) | F111: =VLOOKUP(D111,'Org Setup'!A:D,4,0) -> 5.1
...

Sheet MPRN Data
A1: MPRN | B1: COUNT | C1: Environment | D1: Current Supplier Association | E1: DUIS Role | F1: DUIS Version | G1: Device GUID | H1: Meterset Name
A2: 8840678400 | B2: =COUNTIF(A$2:A$211,A2) -> 1 | C2: UIT-A | D2: 70-B3-D5-1F-31-AA-03-39 | E2: =VLOOKUP(D2,'Org Setup'!A:B,2,0) -> GS (1) | F2: =VLOOKUP(D2,'Org Setup'!A:D,4,0) -> 5.1 | G2: 90-4D-C3-00-00-14-C0-CE | H2: H-DTAF-101-UA
A3: 7454590409 | B3: =COUNTIF(A$2:A$211,A3) -> 1 | C3: UIT-B | D3: 70-B3-D5-1F-31-AA-04-39 | E3: =VLOOKUP(D3,'Org Setup'!A:B,2,0) -> GS (1) | F3: =VLOOKUP(D3,'Org Setup'!A:D,4,0) -> 5.1 | G3: 90-4D-C3-00-00-10-45-D4 | H3: H-DTAF-027-UB
A4: 7454577709 | B4: =COUNTIF(A$2:A$211,A4) -> 1 | C4: UIT-B | D4: 70-B3-D5-1F-31-AA-04-39 | E4: =VLOOKUP(D4,'Org Setup'!A:B,2,0) -> GS (1) | F4: =VLOOKUP(D4,'Org Setup'!A:D,4,0) -> 5.1 | G4: 44-11-02-00-00-20-EB-A5 | H4: H-DTAF-002-UB
A5: 7454574501 | B5: =COUNTIF(A$2:A$211,A5) -> 1 | C5: UIT-B | D5: 70-B3-D5-1F-31-AA-04-39 | E5: =VLOOKUP(D5,'Org Setup'!A:B,2,0) -> GS (1) | F5: =VLOOKUP(D5,'Org Setup'!A:D,4,0) -> 5.1 | G5: 44-11-02-00-00-29-03-58 | H5: H-DTAF-006-UB
A6: 690578100 | B6: =COUNTIF(A$2:A$211,A6) -> 1 | C6: UIT-A | D6: 70-B3-D5-1F-31-AA-03-39 | E6: =VLOOKUP(D6,'Org Setup'!A:B,2,0) -> GS (1) | F6: =VLOOKUP(D6,'Org Setup'!A:D,4,0) -> 5.1
A7: 689400109 | B7: =COUNTIF(A$2:A$211,A7) -> 1 | C7: UIT-A | D7: 70-B3-D5-1F-31-AA-03-39 | E7: =VLOOKUP(D7,'Org Setup'!A:B,2,0) -> GS (1) | F7: =VLOOKUP(D7,'Org Setup'!A:D,4,0) -> 5.1
A8: 688297003 | B8: =COUNTIF(A$2:A$211,A8) -> 1 | C8: UIT-A | D8: 70-B3-D5-1F-31-AA-03-39 | E8: =VLOOKUP(D8,'Org Setup'!A:B,2,0) -> GS (1) | F8: =VLOOKUP(D8,'Org Setup'!A:D,4,0) -> 5.1
A9: 687946907 | B9: =COUNTIF(A$2:A$211,A9) -> 1 | C9: UIT-A | D9: 70-B3-D5-1F-31-AA-03-39 | E9: =VLOOKUP(D9,'Org Setup'!A:B,2,0) -> GS (1) | F9: =VLOOKUP(D9,'Org Setup'!A:D,4,0) -> 5.1
A10: 686533405 | B10: =COUNTIF(A$2:A$211,A10) -> 1 | C10: UIT-A | D10: 70-B3-D5-1F-31-AA-03-39 | E10: =VLOOKUP(D10,'Org Setup'!A:B,2,0) -> GS (1) | F10: =VLOOKUP(D10,'Org Setup'!A:D,4,0) -> 5.1
A11: 685996407 | B11: =COUNTIF(A$2:A$211,A11) -> 1 | C11: UIT-A | D11: 70-B3-D5-1F-31-AA-03-39 | E11: =VLOOKUP(D11,'Org Setup'!A:B,2,0) -> GS (1) | F11: =VLOOKUP(D11,'Org Setup'!A:D,4,0) -> 5.1
A12: 681787007 | B12: =COUNTIF(A$2:A$211,A12) -> 1 | C12: UIT-A | D12: 70-B3-D5-1F-31-AA-03-39 | E12: =VLOOKUP(D12,'Org Setup'!A:B,2,0) -> GS (1) | F12: =VLOOKUP(D12,'Org Setup'!A:D,4,0) -> 5.1
A13: 681610607 | B13: =COUNTIF(A$2:A$211,A13) -> 1 | C13: UIT-A | D13: 70-B3-D5-1F-31-AA-03-39 | E13: =VLOOKUP(D13,'Org Setup'!A:B,2,0) -> GS (1) | F13: =VLOOKUP(D13,'Org Setup'!A:D,4,0) -> 5.1
A14: 680562707 | B14: =COUNTIF(A$2:A$211,A14) -> 1 | C14: UIT-A | D14: 70-B3-D5-1F-31-AA-03-39 | E14: =VLOOKUP(D14,'Org Setup'!A:B,2,0) -> GS (1) | F14: =VLOOKUP(D14,'Org Setup'!A:D,4,0) -> 5.1
A15: 678510307 | B15: =COUNTIF(A$2:A$211,A15) -> 1 | C15: UIT-A | D15: 70-B3-D5-1F-31-AA-03-39 | E15: =VLOOKUP(D15,'Org Setup'!A:B,2,0) -> GS (1) | F15: =VLOOKUP(D15,'Org Setup'!A:D,4,0) -> 5.1
A16: 676962007 | B16: =COUNTIF(A$2:A$211,A16) -> 1 | C16: UIT-A | D16: 70-B3-D5-1F-31-AA-03-39 | E16: =VLOOKUP(D16,'Org Setup'!A:B,2,0) -> GS (1) | F16: =VLOOKUP(D16,'Org Setup'!A:D,4,0) -> 5.1
A17: 676481608 | B17: =COUNTIF(A$2:A$211,A17) -> 1 | C17: UIT-A | D17: 70-B3-D5-1F-31-AA-03-39 | E17: =VLOOKUP(D17,'Org Setup'!A:B,2,0) -> GS (1) | F17: =VLOOKUP(D17,'Org Setup'!A:D,4,0) -> 5.1
... A38: 4213537101 | B38: =COUNTIF(A$2:A$211,A38) -> 1 | C38: UIT-A | D38: 70-B3-D5-1F-31-AA-03-39 | E38: =VLOOKUP(D38,'Org Setup'!A:B,2,0) -> GS (1) | F38: =VLOOKUP(D38,'Org Setup'!A:D,4,0) -> 5.1
A39: 4212302607 | B39: =COUNTIF(A$2:A$211,A39) -> 1 | C39: UIT-A | D39: 70-B3-D5-1F-31-AA-03-39 | E39: =VLOOKUP(D39,'Org Setup'!A:B,2,0) -> GS (1) | F39: =VLOOKUP(D39,'Org Setup'!A:D,4,0) -> 5.1 | G39: TLO - TAF test set
A40: 4208689402 | B40: =COUNTIF(A$2:A$211,A40) -> 1 | C40: UIT-A | D40: 70-B3-D5-1F-31-AA-03-39 | E40: =VLOOKUP(D40,'Org Setup'!A:B,2,0) -> GS (1) | F40: =VLOOKUP(D40,'Org Setup'!A:D,4,0) -> 5.1
A41: 4206397109 | B41: =COUNTIF(A$2:A$211,A41) -> 1 | C41: UIT-A | D41: 70-B3-D5-1F-31-AA-03-39 | E41: =VLOOKUP(D41,'Org Setup'!A:B,2,0) -> GS (1) | F41: =VLOOKUP(D41,'Org Setup'!A:D,4,0) -> 5.1
A42: 4204640800 | B42: =COUNTIF(A$2:A$211,A42) -> 1 | C42: UIT-A | D42: 70-B3-D5-1F-31-AA-03-39 | E42: =VLOOKUP(D42,'Org Setup'!A:B,2,0) -> GS (1) | F42: =VLOOKUP(D42,'Org Setup'!A:D,4,0) -> 5.1
A43: 4009769907 | B43: =COUNTIF(A$2:A$211,A43) -> 1 | C43: UIT-B | D43: 70-B3-D5-1F-31-AA-04-39 | E43: =VLOOKUP(D43,'Org Setup'!A:B,2,0) -> GS (1) | F43: =VLOOKUP(D43,'Org Setup'!A:D,4,0) -> 5.1 | G43: 98-B1-77-FF-FF-54-AA-EF | H43: H-DTAF-031-UB
A44: 3989042705 | B44: =COUNTIF(A$2:A$211,A44) -> 1 | C44: UIT-A | D44: 70-B3-D5-1F-31-AA-03-39 | E44: =VLOOKUP(D44,'Org Setup'!A:B,2,0) -> GS (1) | F44: =VLOOKUP(D44,'Org Setup'!A:D,4,0) -> 5.1
A45: 3981364507 | B45: =COUNTIF(A$2:A$211,A45) -> 1 | C45: UIT-A | D45: 70-B3-D5-1F-31-AA-03-39 | E45: =VLOOKUP(D45,'Org Setup'!A:B,2,0) -> GS (1) | F45: =VLOOKUP(D45,'Org Setup'!A:D,4,0) -> 5.1
A46: 3978844708 | B46: =COUNTIF(A$2:A$211,A46) -> 1 | C46: UIT-A | D46: 70-B3-D5-1F-31-AA-03-39 | E46: =VLOOKUP(D46,'Org Setup'!A:B,2,0) -> GS (1) | F46: =VLOOKUP(D46,'Org Setup'!A:D,4,0) -> 5.1
A47: 3977795402 | B47: =COUNTIF(A$2:A$211,A47) -> 1 | C47: UIT-A | D47: 70-B3-D5-1F-31-AA-03-39 | E47: =VLOOKUP(D47,'Org Setup'!A:B,2,0) -> GS (1) | F47: =VLOOKUP(D47,'Org Setup'!A:D,4,0) -> 5.1
A48: 3977204408 | B48: =COUNTIF(A$2:A$211,A48) -> 1 | C48: UIT-A | D48: 70-B3-D5-1F-31-AA-03-39 | E48: =VLOOKUP(D48,'Org Setup'!A:B,2,0) -> GS (1) | F48: =VLOOKUP(D48,'Org Setup'!A:D,4,0) -> 5.1
A49: 3245409606 | B49: =COUNTIF(A$2:A$211,A49) -> 1 | C49: UIT-A | D49: 70-B3-D5-1F-31-AA-03-39 | E49: =VLOOKUP(D49,'Org Setup'!A:B,2,0) -> GS (1) | F49: =VLOOKUP(D49,'Org Setup'!A:D,4,0) -> 5.1
A50: 3245128306 | B50: =COUNTIF(A$2:A$211,A50) -> 1 | C50: UIT-A | D50: 70-B3-D5-1F-31-AA-03-39 | E50: =VLOOKUP(D50,'Org Setup'!A:B,2,0) -> GS (1) | F50: =VLOOKUP(D50,'Org Setup'!A:D,4,0) -> 5.1
A51: 3244340400 | B51: =COUNTIF(A$2:A$211,A51) -> 1 | C51: UIT-A | D51: 70-B3-D5-1F-31-AA-03-39 | E51: =VLOOKUP(D51,'Org Setup'!A:B,2,0) -> GS (1) | F51: =VLOOKUP(D51,'Org Setup'!A:D,4,0) -> 5.1
A52: 3240002808 | B52: =COUNTIF(A$2:A$211,A52) -> 1 | C52: UIT-A | D52: 70-B3-D5-1F-31-AA-03-39 | E52: =VLOOKUP(D52,'Org Setup'!A:B,2,0) -> GS (1) | F52: =VLOOKUP(D52,'Org Setup'!A:D,4,0) -> 5.1
A53: 3235582805 | B53: =COUNTIF(A$2:A$211,A53) -> 1 | C53: UIT-A | D53: 70-B3-D5-1F-31-AA-03-39 | E53: =VLOOKUP(D53,'Org Setup'!A:B,2,0) -> GS (1) | F53: =VLOOKUP(D53,'Org Setup'!A:D,4,0) -> 5.1
A54: 3230407200 | B54: =COUNTIF(A$2:A$211,A54) -> 1 | C54: UIT-A | D54: 70-B3-D5-1F-31-AA-03-39 | E54: =VLOOKUP(D54,'Org Setup'!A:B,2,0) -> GS (1) | F54: =VLOOKUP(D54,'Org Setup'!A:D,4,0) -> 5.1
A55: 3230373007 | B55: =COUNTIF(A$2:A$211,A55) -> 1 | C55: UIT-A | D55: 70-B3-D5-1F-31-AA-03-39 | E55: =VLOOKUP(D55,'Org Setup'!A:B,2,0) -> GS (1) | F55: =VLOOKUP(D55,'Org Setup'!A:D,4,0) -> 5.1
A56: 2772178801 | B56: =COUNTIF(A$2:A$211,A56) -> 1 | C56: UIT-B | D56: 70-B3-D5-1F-31-AA-04-39 | E56: =VLOOKUP(D56,'Org Setup'!A:B,2,0) -> GS (1) | F56: =VLOOKUP(D56,'Org Setup'!A:D,4,0) -> 5.1
A57: 2772175705 | B57: =COUNTIF(A$2:A$211,A57) -> 1 | C57: UIT-B | D57: 70-B3-D5-1F-31-AA-04-39 | E57: =VLOOKUP(D57,'Org Setup'!A:B,2,0) -> GS (1) | F57: =VLOOKUP(D57,'Org Setup'!A:D,4,0) -> 5.1 | G57: 98-B1-77-FF-FF-62-12-FD | H57: H-DTAF-050-UB
A58: 2772174804 | B58: =COUNTIF(A$2:A$211,A58) -> 1 | C58: UIT-B | D58: 70-B3-D5-1F-31-AA-04-39 | E58: =VLOOKUP(D58,'Org Setup'!A:B,2,0) -> GS (1) | F58: =VLOOKUP(D58,'Org Setup'!A:D,4,0) -> 5.1 | G58: 44-11-02-00-00-2C-B9-0F | H58: H-DTAF-048-UB
A59: 2772174703 | B59: =COUNTIF(A$2:A$211,A59) -> 1 | C59: UIT-B | D59: 70-B3-D5-1F-31-AA-04-39 | E59: =VLOOKUP(D59,'Org Setup'!A:B,2,0) -> GS (1) | F59: =VLOOKUP(D59,'Org Setup'!A:D,4,0) -> 5.1 | G59: 44-11-02-00-00-20-ED-CB | H59: H-DTAF-004-UB
A60: 2772174108 | B60: =COUNTIF(A$2:A$211,A60) -> 1 | C60: UIT-B | D60: 70-B3-D5-1F-31-AA-04-39 | E60: =VLOOKUP(D60,'Org Setup'!A:B,2,0) -> GS (1) | F60: =VLOOKUP(D60,'Org Setup'!A:D,4,0) -> 5.1 | G60: 90-4D-C3-00-00-12-A5-16 | H60: H-DTAF-051-UB
A61: 2772172901 | B61: =COUNTIF(A$2:A$211,A61) -> 1 | C61: UIT-B | D61: 70-B3-D5-1F-31-AA-04-39 | E61: =VLOOKUP(D61,'Org Setup'!A:B,2,0) -> GS (1) | F61: =VLOOKUP(D61,'Org Setup'!A:D,4,0) -> 5.1 | G61: 44-11-02-00-00-19-65-0A | H61: H-DTAF-100-UB
A62: 2772172306 | B62: =COUNTIF(A$2:A$211,A62) -> 1 | C62: UIT-B | D62: 70-B3-D5-1F-31-AA-04-39 | E62: =VLOOKUP(D62,'Org Setup'!A:B,2,0) -> GS (1) | F62: =VLOOKUP(D62,'Org Setup'!A:D,4,0) -> 5.1
A63: 2772171708 | B63: =COUNTIF(A$2:A$211,A63) -> 1 | C63: UIT-B | D63: 70-B3-D5-1F-31-AA-04-39 | E63: =VLOOKUP(D63,'Org Setup'!A:B,2,0) -> GS (1) | F63: =VLOOKUP(D63,'Org Setup'!A:D,4,0) -> 5.1
A64: 2772171001 | B64: =COUNTIF(A$2:A$211,A64) -> 1 | C64: UIT-B | D64: 70-B3-D5-1F-31-AA-04-39 | E64: =VLOOKUP(D64,'Org Setup'!A:B,2,0) -> GS (1) | F64: =VLOOKUP(D64,'Org Setup'!A:D,4,0) -> 5.1
A65: 2772170605 | B65: =COUNTIF(A$2:A$211,A65) -> 1 | C65: UIT-B | D65: 70-B3-D5-1F-31-AA-04-39 | E65: =VLOOKUP(D65,'Org Setup'!A:B,2,0) -> GS (1) | F65: =VLOOKUP(D65,'Org Setup'!A:D,4,0) -> 5.1
A66: 2772168405 | B66: =COUNTIF(A$2:A$211,A66) -> 1 | C66: UIT-B | D66: 70-B3-D5-1F-31-AA-04-39 | E66: =VLOOKUP(D66,'Org Setup'!A:B,2,0) -> GS (1) | F66: =VLOOKUP(D66,'Org Setup'!A:D,4,0) -> 5.1
A67: 2772168001 | B67: =COUNTIF(A$2:A$211,A67) -> 1 | C67: UIT-B | D67: 70-B3-D5-1F-31-AA-04-39 | E67: =VLOOKUP(D67,'Org Setup'!A:B,2,0) -> GS (1) | F67: =VLOOKUP(D67,'Org Setup'!A:D,4,0) -> 5.1
A68: 2772167100 | B68: =COUNTIF(A$2:A$211,A68) -> 1 | C68: UIT-B | D68: 70-B3-D5-1F-31-AA-04-39 | E68: =VLOOKUP(D68,'Org Setup'!A:B,2,0) -> GS (1) | F68: =VLOOKUP(D68,'Org Setup'!A:D,4,0) -> 5.1
A69: 2772166704 | B69: =COUNTIF(A$2:A$211,A69) -> 1 | C69: UIT-B | D69: 70-B3-D5-1F-31-AA-04-39 | E69: =VLOOKUP(D69,'Org Setup'!A:B,2,0) -> GS (1) | F69: =VLOOKUP(D69,'Org Setup'!A:D,4,0) -> 5.1
A70: 2772166008 | B70: =COUNTIF(A$2:A$211,A70) -> 1 | C70: UIT-B | D70: 70-B3-D5-1F-31-AA-04-39 | E70: =VLOOKUP(D70,'Org Setup'!A:B,2,0) -> GS (1) | F70: =VLOOKUP(D70,'Org Setup'!A:D,4,0) -> 5.1 | G70: 44-11-02-00-00-22-44-CA | H70: H-DTAF-012-UB
A71: 2772164307 | B71: =COUNTIF(A$2:A$211,A71) -> 1 | C71: UIT-B | D71: 70-B3-D5-1F-31-AA-04-39 | E71: =VLOOKUP(D71,'Org Setup'!A:B,2,0) -> GS (1) | F71: =VLOOKUP(D71,'Org Setup'!A:D,4,0) -> 5.1
A72: 2772164105 | B72: =COUNTIF(A$2:A$211,A72) -> 1 | C72: UIT-B | D72: 70-B3-D5-1F-31-AA-04-39 | E72: =VLOOKUP(D72,'Org Setup'!A:B,2,0) -> GS (1) | F72: =VLOOKUP(D72,'Org Setup'!A:D,4,0) -> 5.1
A73: 2772163900 | B73: =COUNTIF(A$2:A$211,A73) -> 1 | C73: UIT-B | D73: 70-B3-D5-1F-31-AA-04-39 | E73: =VLOOKUP(D73,'Org Setup'!A:B,2,0) -> GS (1) | F73: =VLOOKUP(D73,'Org Setup'!A:D,4,0) -> 5.1
A74: 2772163608 | B74: =COUNTIF(A$2:A$211,A74) -> 1 | C74: UIT-B | D74: 70-B3-D5-1F-31-AA-04-39 | E74: =VLOOKUP(D74,'Org Setup'!A:B,2,0) -> GS (1) | F74: =VLOOKUP(D74,'Org Setup'!A:D,4,0) -> 5.1
A75: 2772161806 | B75: =COUNTIF(A$2:A$211,A75) -> 1 | C75: UIT-B | D75: 70-B3-D5-1F-31-AA-04-39 | E75: =VLOOKUP(D75,'Org Setup'!A:B,2,0) -> GS (1) | F75: 4 | G75: 90-4D-C3-00-00-10-45-D7 | H75: H-DTAF-019-UB
A76: 2772159909 | B76: =COUNTIF(A$2:A$211,A76) -> 1 | C76: UIT-B | D76: 70-B3-D5-1F-31-AA-04-39 | E76: =VLOOKUP(D76,'Org Setup'!A:B,2,0) -> GS (1) | F76: =VLOOKUP(D76,'Org Setup'!A:D,4,0) -> 5.1
A77: 2772159303 | B77: =COUNTIF(A$2:A$211,A77) -> 1 | C77: UIT-B | D77: 70-B3-D5-1F-31-AA-04-39 | E77: =VLOOKUP(D77,'Org Setup'!A:B,2,0) -> GS (1) | F77: =VLOOKUP(D77,'Org Setup'!A:D,4,0) -> 5.1
A78: 2772158009 | B78: =COUNTIF(A$2:A$211,A78) -> 1 | C78: UIT-B | D78: 70-B3-D5-1F-31-AA-04-39 | E78: =VLOOKUP(D78,'Org Setup'!A:B,2,0) -> GS (1) | F78: =VLOOKUP(D78,'Org Setup'!A:D,4,0) -> 5.1
A79: 2772155800 | B79: =COUNTIF(A$2:A$211,A79) -> 1 | C79: UIT-B | D79: 70-B3-D5-1F-31-AA-04-39 | E79: =VLOOKUP(D79,'Org Setup'!A:B,2,0) -> GS (1) | F79: =VLOOKUP(D79,'Org Setup'!A:D,4,0) -> 5.1
A80: 2772153403 | B80: =COUNTIF(A$2:A$211,A80) -> 1 | C80: UIT-B | D80: 70-B3-D5-1F-31-AA-04-39 | E80: =VLOOKUP(D80,'Org Setup'!A:B,2,0) -> GS (1) | F80: =VLOOKUP(D80,'Org Setup'!A:D,4,0) -> 5.1
A81: 2772153010 | B81: =COUNTIF(A$2:A$211,A81) -> 1 | C81: UIT-B | D81: 70-B3-D5-1F-31-AA-04-39 | E81: =VLOOKUP(D81,'Org Setup'!A:B,2,0) -> GS (1) | F81: =VLOOKUP(D81,'Org Setup'!A:D,4,0) -> 5.1
A82: 2772150610 | B82: =COUNTIF(A$2:A$211,A82) -> 1 | C82: UIT-B | D82: 70-B3-D5-1F-31-AA-04-39 | E82: =VLOOKUP(D82,'Org Setup'!A:B,2,0) -> GS (1) | F82: =VLOOKUP(D82,'Org Setup'!A:D,4,0) -> 5.1 | G82: 44-11-02-00-00-28-AF-8A | H82: H-DTAF-007-UB
A83: 2772149805 | B83: =COUNTIF(A$2:A$211,A83) -> 1 | C83: UIT-B | D83: 70-B3-D5-1F-31-AA-04-39 | E83: =VLOOKUP(D83,'Org Setup'!A:B,2,0) -> GS (1) | F83: =VLOOKUP(D83,'Org Setup'!A:D,4,0) -> 5.1 | G83: 44-11-02-00-00-28-D9-1B | H83: H-DTAF-008-UB
A84: 2772148500 | B84: =COUNTIF(A$2:A$211,A84) -> 1 | C84: UIT-B | D84: 70-B3-D5-1F-31-AA-04-39 | E84: =VLOOKUP(D84,'Org Setup'!A:B,2,0) -> GS (1) | F84: =VLOOKUP(D84,'Org Setup'!A:D,4,0) -> 5.1 | G84: 44-11-02-00-00-27-5D-59 | H84: H-DTAF-009-UB
A85: 2772146608 | B85: =COUNTIF(A$2:A$211,A85) -> 1 | C85: UIT-B | D85: 70-B3-D5-1F-31-AA-04-39 | E85: =VLOOKUP(D85,'Org Setup'!A:B,2,0) -> GS (1) | F85: 5 | G85: 44-11-02-00-00-28-92-5E | H85: H-DTAF-010-UB
A86: 2772146507 | B86: =COUNTIF(A$2:A$211,A86) -> 1 | C86: UIT-B | D86: 70-B3-D5-1F-31-AA-04-39 | E86: =VLOOKUP(D86,'Org Setup'!A:B,2,0) -> GS (1) | F86: =VLOOKUP(D86,'Org Setup'!A:D,4,0) -> 5.1 | G86: 90-4D-C3-00-00-12-A5-0E | H86: H-DTAF-052-UB
A87: 2772146103 | B87: =COUNTIF(A$2:A$211,A87) -> 1 | C87: UIT-B | D87: 70-B3-D5-1F-31-AA-04-39 | E87: =VLOOKUP(D87,'Org Setup'!A:B,2,0) -> GS (1) | F87: =VLOOKUP(D87,'Org Setup'!A:D,4,0) -> 5.1 | G87: 98-B1-77-FF-FF-62-4B-F0 | H87: H-DTAF-049-UB
A88: 2772145909 | B88: =COUNTIF(A$2:A$211,A88) -> 1 | C88: UIT-B | D88: 70-B3-D5-1F-31-AA-04-39 | E88: =VLOOKUP(D88,'Org Setup'!A:B,2,0) -> GS (1) | F88: =VLOOKUP(D88,'Org Setup'!A:D,4,0) -> 5.1 | G88: 44-11-02-00-00-19-E7-DB | H88: H-DTAF-053-UB
A89: 2772145505 | B89: =COUNTIF(A$2:A$211,A89) -> 1 | C89: UIT-B | D89: 70-B3-D5-1F-31-AA-04-39 | E89: =VLOOKUP(D89,'Org Setup'!A:B,2,0) -> GS (1) | F89: =VLOOKUP(D89,'Org Setup'!A:D,4,0) -> 5.1 | G89: 90-4D-C3-00-00-10-45-D4 | H89: H-DTAF-027-UB
A90: 2772144604 | B90: =COUNTIF(A$2:A$211,A90) -> 1 | C90: UIT-B | D90: 70-B3-D5-1F-31-AA-04-39 | E90: =VLOOKUP(D90,'Org Setup'!A:B,2,0) -> GS (1) | F90: =VLOOKUP(D90,'Org Setup'!A:D,4,0) -> 5.1
A91: 2772144110 | B91: =COUNTIF(A$2:A$211,A91) -> 1 | C91: UIT-B | D91: 70-B3-D5-1F-31-AA-04-39 | E91: =VLOOKUP(D91,'Org Setup'!A:B,2,0) -> GS (1) | F91: =VLOOKUP(D91,'Org Setup'!A:D,4,0) -> 5.1 | G91: 90-4D-C3-00-00-0F-10-89 | H91: H-DTAF-016-UB
A92: 2772143602 | B92: =COUNTIF(A$2:A$211,A92) -> 1 | C92: UIT-B | D92: 70-B3-D5-1F-31-AA-04-39 | E92: =VLOOKUP(D92,'Org Setup'!A:B,2,0) -> GS (1) | F92: =VLOOKUP(D92,'Org Setup'!A:D,4,0) -> 5.1 | G92: 44-11-02-00-00-20-ED-CB | H92: H-DTAF-004-UB
A93: 2772142510 | B93: =COUNTIF(A$2:A$211,A93) -> 1 | C93: UIT-B | D93: 70-B3-D5-1F-31-AA-04-39 | E93: =VLOOKUP(D93,'Org Setup'!A:B,2,0) -> GS (1) | F93: 5.2 | G93: 90-4D-C3-00-00-0F-10-6E | H93: H-DTAF-017-UB
A94: 2772141205 | B94: =COUNTIF(A$2:A$211,A94) -> 1 | C94: UIT-B | D94: 70-B3-D5-1F-31-AA-04-39 | E94: =VLOOKUP(D94,'Org Setup'!A:B,2,0) -> GS (1) | F94: =VLOOKUP(D94,'Org Setup'!A:D,4,0) -> 5.1 | G94: 90-4D-C3-00-00-0F-10-7C | H94: H-DTAF-018-UB
A95: 2772139600 | B95: =COUNTIF(A$2:A$211,A95) -> 1 | C95: UIT-B | D95: 70-B3-D5-1F-31-AA-04-39 | E95: =VLOOKUP(D95,'Org Setup'!A:B,2,0) -> GS (1) | F95: =VLOOKUP(D95,'Org Setup'!A:D,4,0) -> 5.1 | G95: 90-4D-C3-00-00-10-45-D4 | H95: H-DTAF-027-UB
A96: 2772139207 | B96: =COUNTIF(A$2:A$211,A96) -> 1 | C96: UIT-B | D96: 70-B3-D5-1F-31-AA-04-39 | E96: =VLOOKUP(D96,'Org Setup'!A:B,2,0) -> GS (1) | F96: =VLOOKUP(D96,'Org Setup'!A:D,4,0) -> 5.1
A97: 2772138800 | B97: =COUNTIF(A$2:A$211,A97) -> 1 | C97: UIT-B | D97: 70-B3-D5-1F-31-AA-04-39 | E97: =VLOOKUP(D97,'Org Setup'!A:B,2,0) -> GS (1) | F97: =VLOOKUP(D97,'Org Setup'!A:D,4,0) -> 5.1
A98: 2772132406 | B98: =COUNTIF(A$2:A$211,A98) -> 1 | C98: UIT-B | D98: 70-B3-D5-1F-31-AA-04-39 | E98: =VLOOKUP(D98,'Org Setup'!A:B,2,0) -> GS (1) | F98: =VLOOKUP(D98,'Org Setup'!A:D,4,0) -> 5.1
A99: 2772132002 | B99: =COUNTIF(A$2:A$211,A99) -> 1 | C99: UIT-B | D99: 70-B3-D5-1F-31-AA-04-39 | E99: =VLOOKUP(D99,'Org Setup'!A:B,2,0) -> GS (1) | F99: =VLOOKUP(D99,'Org Setup'!A:D,4,0) -> 5.1
A100: 2726535710 | B100: =COUNTIF(A$2:A$211,A100) -> 1 | C100: UIT-B | D100: 70-B3-D5-1F-31-AA-04-39 | E100: =VLOOKUP(D100,'Org Setup'!A:B,2,0) -> GS (1) | F100: 3 | G100: 90-4D-C3-00-00-0F-10-92 | H100: H-DTAF-001-UB
A101: 2237643509 | B101: =COUNTIF(A$2:A$211,A101) -> 1 | C101: UIT-B | D101: 70-B3-D5-1F-31-AA-04-39 | E101: =VLOOKUP(D101,'Org Setup'!A:B,2,0) -> GS (1) | F101: =VLOOKUP(D101,'Org Setup'!A:D,4,0) -> 5.1
A102: 2210520310 | B102: =COUNTIF(A$2:A$211,A102) -> 1 | C102: UIT-B | D102: 70-B3-D5-1F-31-AA-04-39 | E102: =VLOOKUP(D102,'Org Setup'!A:B,2,0) -> GS (1) | F102: =VLOOKUP(D102,'Org Setup'!A:D,4,0) -> 5.1 | G102: 90-4D-C3-00-00-0F-10-8C | H102: H-DTAF-014-UB
A103: 2210051806 | B103: =COUNTIF(A$2:A$211,A103) -> 1 | C103: UIT-B | D103: 70-B3-D5-1F-31-AA-04-39 | E103: =VLOOKUP(D103,'Org Setup'!A:B,2,0) -> GS (1) | F103: =VLOOKUP(D103,'Org Setup'!A:D,4,0) -> 5.1 | G103: 44-11-02-00-00-28-91-AC | H103: H-DTAF-003-UB
A104: 2210051604 | B104: =COUNTIF(A$2:A$211,A104) -> 1 | C104: UIT-B | D104: 70-B3-D5-1F-31-AA-04-39 | E104: =VLOOKUP(D104,'Org Setup'!A:B,2,0) -> GS (1) | F104: =VLOOKUP(D104,'Org Setup'!A:D,4,0) -> 5.1 | G104: 90-4D-C3-00-00-0F-10-6B | H104: H-DTAF-013-UB
A105: 2210045609 | B105: =COUNTIF(A$2:A$211,A105) -> 1 | C105: UIT-B | D105: 70-B3-D5-1F-31-AA-04-39 | E105: =VLOOKUP(D105,'Org Setup'!A:B,2,0) -> GS (1) | F105: =VLOOKUP(D105,'Org Setup'!A:D,4,0) -> 5.1 | G105: 90-4D-C3-00-00-0F-10-88 | H105: H-DTAF-015-UB
A106: 2210025300 | B106: =COUNTIF(A$2:A$211,A106) -> 1 | C106: UIT-B | D106: 70-B3-D5-1F-31-AA-04-39 | E106: =VLOOKUP(D106,'Org Setup'!A:B,2,0) -> GS (1) | F106: =VLOOKUP(D106,'Org Setup'!A:D,4,0) -> 5.1 | G106: 90-4D-C3-00-00-11-DB-11 | H106: H-DTAF-005-UB
A107: 2197821604 | B107: =COUNTIF(A$2:A$211,A107) -> 1 | C107: UIT-B | D107: 70-B3-D5-1F-31-AA-04-39 | E107: =VLOOKUP(D107,'Org Setup'!A:B,2,0) -> GS (1) | F107: =VLOOKUP(D107,'Org Setup'!A:D,4,0) -> 5.1 | G107: 44-11-02-00-00-28-92-B6 | H107: H-DTAF-011-UB
A108: 2108847303 | B108: =COUNTIF(A$2:A$211,A108) -> 1 | C108: UIT-B | D108: 70-B3-D5-1F-31-AA-04-39 | E108: =VLOOKUP(D108,'Org Setup'!A:B,2,0) -> GS (1) | F108: =VLOOKUP(D108,'Org Setup'!A:D,4,0) -> 5.1
A109: 2097831409 | B109: =COUNTIF(A$2:A$211,A109) -> 1 | C109: UIT-B | D109: 70-B3-D5-1F-31-AA-04-39 | E109: =VLOOKUP(D109,'Org Setup'!A:B,2,0) -> GS (1) | F109: =VLOOKUP(D109,'Org Setup'!A:D,4,0) -> 5.1
A110: 2070643203 | B110: =COUNTIF(A$2:A$211,A110) -> 1 | C110: UIT-B | D110: 70-B3-D5-1F-31-AA-04-39 | E110: =VLOOKUP(D110,'Org Setup'!A:B,2,0) -> GS (1) | F110: =VLOOKUP(D110,'Org Setup'!A:D,4,0) -> 5.1
A111: 2062605603 | B111: =COUNTIF(A$2:A$211,A111) -> 1 | C111: UIT-B | D111: 70-B3-D5-1F-31-AA-04-39 | E111: =VLOOKUP(D111,'Org Setup'!A:B,2,0) -> GS (1) | F111: =VLOOKUP(D111,'Org Setup'!A:D,4,0) -> 5.1
A112: 1021455101 | B112: =COUNTIF(A$2:A$211,A112) -> 1 | C112: UIT-A | D112: 70-B3-D5-1F-31-AA-03-39 | E112: =VLOOKUP(D112,'Org Setup'!A:B,2,0) -> GS (1) | F112: =VLOOKUP(D112,'Org Setup'!A:D,4,0) -> 5.1
A113: 1021398205 | B113: =COUNTIF(A$2:A$211,A113) -> 1 | C113: UIT-A | D113: 70-B3-D5-1F-31-AA-03-39 | E113: =VLOOKUP(D113,'Org Setup'!A:B,2,0) -> GS (1) | F113: =VLOOKUP(D113,'Org Setup'!A:D,4,0) -> 5.1
A114: 1021066606 | B114: =COUNTIF(A$2:A$211,A114) -> 1 | C114: UIT-A | D114: 70-B3-D5-1F-31-AA-03-39 | E114: =VLOOKUP(D114,'Org Setup'!A:B,2,0) -> GS (1) | F114: =VLOOKUP(D114,'Org Setup'!A:D,4,0) -> 5.1
A115: 1018920109 | B115: =COUNTIF(A$2:A$211,A115) -> 1 | C115: UIT-A | D115: 70-B3-D5-1F-31-AA-03-39 | E115: =VLOOKUP(D115,'Org Setup'!A:B,2,0) -> GS (1) | F115: =VLOOKUP(D115,'Org Setup'!A:D,4,0) -> 5.1
A116: 1018744003 | B116: =COUNTIF(A$2:A$211,A116) -> 1 | C116: UIT-A | D116: 70-B3-D5-1F-31-AA-03-39 | E116: =VLOOKUP(D116,'Org Setup'!A:B,2,0) -> GS (1) | F116: =VLOOKUP(D116,'Org Setup'!A:D,4,0) -> 5.1
A117: 1018171610 | B117: =COUNTIF(A$2:A$211,A117) -> 1 | C117: UIT-A | D117: 70-B3-D5-1F-31-AA-03-39 | E117: =VLOOKUP(D117,'Org Setup'!A:B,2,0) -> GS (1) | F117: =VLOOKUP(D117,'Org Setup'!A:D,4,0) -> 5.1
A118: 1017970108 | B118: =COUNTIF(A$2:A$211,A118) -> 1 | C118: UIT-A | D118: 70-B3-D5-1F-31-AA-03-39 | E118: =VLOOKUP(D118,'Org Setup'!A:B,2,0) -> GS (1) | F118: =VLOOKUP(D118,'Org Setup'!A:D,4,0) -> 5.1
A119: 1017963605 | B119: =COUNTIF(A$2:A$211,A119) -> 1 | C119: UIT-A | D119: 70-B3-D5-1F-31-AA-03-39 | E119: =VLOOKUP(D119,'Org Setup'!A:B,2,0) -> GS (1) | F119: =VLOOKUP(D119,'Org Setup'!A:D,4,0) -> 5.1
... A170: 1009733109 | B170: =COUNTIF(A$2:A$211,A170) -> 1 | C170: UIT-B | D170: 70-B3-D5-1F-31-AA-04-39 | E170: =VLOOKUP(D170,'Org Setup'!A:B,2,0) -> GS (1) | F170: =VLOOKUP(D170,'Org Setup'!A:D,4,0) -> 5.1
...

Sheet URLs
A1: Status | B1: Environment | C1: Service Group | D1: Priority | E1: IP | F1: Port | G1: URL | H1: Use
A2: Working | B2: UIT-A (replicates to B) | C2: SMKI Portal | D2: Yes | E2: c.d.127.71 | G2: smki-org.uit.tsp.dccinterface.co.uk | H2: Organisation Subscriber Portal Landing Page (HTTPS - Server Side Authentication only)
A3: Working now | B3: UIT-A (replicates to B) | C3: SMKI Portal | D3: Yes | E3: c.d.127.71 | G3: smki-org-app.uit.tsp.dccinterface.co.uk | H3: Organisation Subscriber Portal Landing Page (HTTPS - Mutual Authentication using IKI)
A4: Working | B4: UIT-A (replicates to B) | C4: SMKI Portal | D4: Yes | E4: c.d.127.72 | G4: smki-device.uit.tsp.dccinterface.co.uk | H4: Device Subscriber Portal Landing page (HTTPS – Server Side Authentication only)
A5: Working now | B5: UIT-A (replicates to B) | C5: SMKI Portal | D5: Yes | E5: c.d.127.72 | G5: smki-device-app.uit.tsp.dccinterface.co.uk | H5: Device Subscriber Portal and Batch Device CSR web service (HTTPS – Mutual Authentication using IKI)
A6: Not working | B6: UIT-A (replicates to B) | C6: SMKI Portal | D6: Yes | E6: c.d.127.73 | G6: smki-s2s.uit.tsp.dccinterface.co.uk | H6: Ad Hoc Device CSR web service (HTPPS – Mutual Authentication using IKI)
A7: working after host file updated. will set up in AWS resolution. | B7: UIT-A | C7: SMKI Repo | D7: No | E7: a.b.40.67 | G7: smki-repo.uit.dsp.dccinterface.co.uk | H7: SMKI Repository web portal and web services (HTTPS – Server Side only)
A8: working after host file updated(port 80). will set up in AWS resolution. | B8: UIT-A | C8: SMKI Repo | D8: No | E8: a.b.40.67 | F8: 22 | G8: smki-repo.uit.dsp.dccinterface.co.uk | H8: SMKI Repository SFTP Interface
A9: working after host file updated. will set up in AWS resolution. need to check with credentials. | B9: UIT-A | C9: SMKI Repo | D9: No | E9: a.b.40.67 | G9: https://smki-repo.uit.dsp.dccinterface.co.uk/revocationlists/download/UA?apikey=<user_api_key> | H9: ARL
A10: working after host file updated. will set up in AWS resolution. need to check with credentials. | B10: UIT-A | C10: SMKI Repo | D10: No | E10: a.b.40.67 | G10: https://smki-repo.uit.dsp.dccinterface.co.uk/revocationlists/download/U1?apikey=<user_api_key> | H10: CRL
A11: working after host file updated. will set up in AWS resolution. | B11: UIT-A | C11: DCCKI Repo | D11: No | E11: a.b.40.75 | F11: 80 | G11: http://dccki-repo.mktp.dsp.dccinterface.co.uk/ | H11: DCCKI Certificate Repository
A12: Working | B12: UIT-B | C12: SMKI Repo | D12: Yes | E12: a.b.40.107 | G12: smki-repo.uitb.dsp.dccinterface.co.uk | H12: SMKI Repository web portal and web services (HTTPS – Server Side only)
A13: Connecting, but login userid, password not working | B13: UIT-B | C13: SMKI Repo | D13: Yes | E13: a.b.40.107 | F13: 22 | G13: smki-repo.uitb.dsp.dccinterface.co.uk | H13: SMKI Repository SFTP Interface
A14: Working | B14: UIT-B | C14: SMKI Repo | D14: Yes | E14: a.b.40.107 | G14: https://smki-repo.uitb.dsp.dccinterface.co.uk/revocationlists/download/UA?apikey=<user_api_key> | H14: ARL
A15: Working | B15: UIT-B | C15: SMKI Repo | D15: Yes | E15: a.b.40.107 | G15: https://smki-repo.uitb.dsp.dccinterface.co.uk/revocationlists/download/U1?apikey=<user_api_key> | H15: CRL
A16: Not working | B16: UIT-B | C16: DCCKI Repo | D16: Yes | E16: a.b.40.108 | F16: 80 | G16: http://dccki-repo.mktpc.dsp.dccinterface.co.uk | H16: DCCKI Certificate Repository
B17: UIT-A | C17: DCC User Interface (DUIS) | D17: No | E17: a.b.40.76 | F17: 443 | G17: https://msggw.uit.dsp.dccinterface.co.uk/mgs/execute/3.0 | H17: DCC Only Service
B18: UIT-A | C18: DCC User Interface (DUIS) | D18: No | E18: a.b.40.76 | F18: 443 | G18: https://msggw.uit.dsp.dccinterface.co.uk/mgs/transform/3.0 | H18: Transform Service
B19: UIT-A | C19: DCC User Interface (DUIS) | D19: No | E19: a.b.40.76 | F19: 443 | G19: https://msggw.uit.dsp.dccinterface.co.uk/mgs/deliver/3.0 | H19: Send Command Service
B20: UIT-A | C20: DCC User Interface (DUIS) | D20: No | E20: a.b.40.76 | F20: 443 | G20: https://msggw.uit.dsp.dccinterface.co.uk/mgs/execute/3.1 | H20: DCC Only Service
B21: UIT-A | C21: DCC User Interface (DUIS) | D21: No | E21: a.b.40.76 | F21: 443 | G21: https://msggw.uit.dsp.dccinterface.co.uk/mgs/transform/3.1 | H21: Transform Service
B22: UIT-A | C22: DCC User Interface (DUIS) | D22: No | E22: a.b.40.76 | F22: 443 | G22: https://msggw.uit.dsp.dccinterface.co.uk/mgs/deliver/3.1 | H22: Send Command Service
B23: UIT-A | C23: DCC User Interface (DUIS) | D23: No | E23: a.b.40.76 | F23: 443 | G23: https://msggw.uit.dsp.dccinterface.co.uk/mgs/execute/4.0 | H23: DCC Only Service
B24: UIT-A | C24: DCC User Interface (DUIS) | D24: No | E24: a.b.40.76 | F24: 443 | G24: https://msggw.uit.dsp.dccinterface.co.uk/mgs/transform/4.0 | H24: Transform Service
B25: UIT-A | C25: DCC User Interface (DUIS) | D25: No | E25: a.b.40.76 | F25: 443 | G25: https://msggw.uit.dsp.dccinterface.co.uk/mgs/deliver/4.0 | H25: Send Command Service
B26: UIT-A | C26: DCC User Interface (DUIS) | D26: No | E26: a.b.40.76 | F26: 443 | G26: https://msggw.uit.dsp.dccinterface.co.uk/mgs/execute/5.0 | H26: DCC Only Service
B27: UIT-A | C27: DCC User Interface (DUIS) | D27: No | E27: a.b.40.76 | F27: 443 | G27: https://msggw.uit.dsp.dccinterface.co.uk/mgs/transform/5.0 | H27: Transform Service
B28: UIT-A | C28: DCC User Interface (DUIS) | D28: No | E28: a.b.40.76 | F28: 443 | G28: https://msggw.uit.dsp.dccinterface.co.uk/mgs/deliver/5.0 | H28: Send Command Service
... B34: UIT-A | C34: DCC User Interface (DUIS) | D34: No | E34: a.b.40.76 | F34: 443 | G34: https://msggw.uit.dsp.dccinterface.co.uk/mgs/deliver/5.2 | H34: Send Command Service
B35: UIT-A | C35: DCC User Interface (DUIS) | D35: No | E35: a.b.40.101 | F35: 443 | H35: Receive Response Service
B36: UIT-B | C36: DCC User Interface (DUIS) | D36: Yes | E36: a.b.40.101 | F36: 443 | G36: https://msggw.uitb.dsp.dccinterface.co.uk/mgs/execute/3.0 | H36: DCC Only Service
B37: UIT-B | C37: DCC User Interface (DUIS) | D37: Yes | E37: a.b.40.101 | F37: 443 | G37: https://msggw.uitb.dsp.dccinterface.co.uk/mgs/transform/3.0 | H37: Transform Service
B38: UIT-B | C38: DCC User Interface (DUIS) | D38: Yes | E38: a.b.40.101 | F38: 443 | G38: https://msggw.uitb.dsp.dccinterface.co.uk/mgs/deliver/3.0 | H38: Send Command Service
B39: UIT-B | C39: DCC User Interface (DUIS) | D39: Yes | E39: a.b.40.101 | F39: 443 | G39: https://msggw.uitb.dsp.dccinterface.co.uk/mgs/execute/3.1 | H39: DCC Only Service
B40: UIT-B | C40: DCC User Interface (DUIS) | D40: Yes | E40: a.b.40.101 | F40: 443 | G40: https://msggw.uitb.dsp.dccinterface.co.uk/mgs/transform/3.1 | H40: Transform Service
B41: UIT-B | C41: DCC User Interface (DUIS) | D41: Yes | E41: a.b.40.101 | F41: 443 | G41: https://msggw.uitb.dsp.dccinterface.co.uk/mgs/deliver/3.1 | H41: Send Command Service
B42: UIT-B | C42: DCC User Interface (DUIS) | D42: Yes | E42: a.b.40.101 | F42: 443 | G42: https://msggw.uitb.dsp.dccinterface.co.uk/mgs/execute/4.0 | H42: DCC Only Service
B43: UIT-B | C43: DCC User Interface (DUIS) | D43: Yes | E43: a.b.40.101 | F43: 443 | G43: https://msggw.uitb.dsp.dccinterface.co.uk/mgs/transform/4.0 | H43: Transform Service
B44: UIT-B | C44: DCC User Interface (DUIS) | D44: Yes | E44: a.b.40.101 | F44: 443 | G44: https://msggw.uitb.dsp.dccinterface.co.uk/mgs/deliver/4.0 | H44: Send Command Service
B45: UIT-B | C45: DCC User Interface (DUIS) | D45: Yes | E45: a.b.40.101 | F45: 443 | G45: https://msggw.uitb.dsp.dccinterface.co.uk/mgs/execute/5.0 | H45: DCC Only Service
B46: UIT-B | C46: DCC User Interface (DUIS) | D46: Yes | E46: a.b.40.101 | F46: 443 | G46: https://msggw.uitb.dsp.dccinterface.co.uk/mgs/transform/5.0 | H46: Transform Service
B47: UIT-B | C47: DCC User Interface (DUIS) | D47: Yes | E47: a.b.40.101 | F47: 443 | G47: https://msggw.uitb.dsp.dccinterface.co.uk/mgs/deliver/5.0 | H47: Send Command Service
A48: Telnet test was performed | B48: UIT-B | C48: DCC User Interface (DUIS) | D48: Yes | E48: a.b.40.101 | F48: 443 | G48: https://msggw.uitb.dsp.dccinterface.co.uk/mgs/execute/5.1 | H48: DCC Only Service
A49: Telnet test was performed | B49: UIT-B | C49: DCC User Interface (DUIS) | D49: Yes | E49: a.b.40.101 | F49: 443 | G49: https://msggw.uitb.dsp.dccinterface.co.uk/mgs/transform/5.1 | H49: Transform Service
A50: Telnet test was performed | B50: UIT-B | C50: DCC User Interface (DUIS) | D50: Yes | E50: a.b.40.101 | F50: 443 | G50: https://msggw.uitb.dsp.dccinterface.co.uk/mgs/deliver/5.1 | H50: Send Command Service
B51: UIT-B | C51: DCC User Interface (DUIS) | D51: Yes | E51: a.b.40.101 | F51: 443 | G51: https://msggw.uitb.dsp.dccinterface.co.uk/mgs/execute/5.2 | H51: DCC Only Service
B52: UIT-B | C52: DCC User Interface (DUIS) | D52: Yes | E52: a.b.40.101 | F52: 443 | G52: https://msggw.uitb.dsp.dccinterface.co.uk/mgs/transform/5.2 | H52: Transform Service
B53: UIT-B | C53: DCC User Interface (DUIS) | D53: Yes | E53: a.b.40.101 | F53: 443 | G53: https://msggw.uitb.dsp.dccinterface.co.uk/mgs/deliver/5.2 | H53: Send Command Service
B54: UIT-B | C54: DCC User Interface (DUIS) | D54: Yes | E54: a.b.40.101 | F54: 443 | G54: https://msggw.uitb.dsp.dccinterface.co.uk/mgs/execute/5.3 | H54: DCC Only Service
B55: UIT-B | C55: DCC User Interface (DUIS) | D55: Yes | E55: a.b.40.101 | F55: 443 | G55: https://msggw.uitb.dsp.dccinterface.co.uk/mgs/transform/5.3 | H55: Transform Service
B56: UIT-B | C56: DCC User Interface (DUIS) | D56: Yes | E56: a.b.40.101 | F56: 443 | G56: https://msggw.uitb.dsp.dccinterface.co.uk/mgs/deliver/5.3 | H56: Send Command Service
B57: UIT-B | C57: DCC User Interface (DUIS) | D57: Yes | E57: a.b.40.101 | F57: 443 | H57: Receive Response Service

Sheet Registration Data Template
A1: EUI-64 | B1: Role | C1: DUIS Role | D1: DUIS Version | E1: Environment | F1: Determined Originator Name
A2: 70-B3-D5-1F-31-AA-03-00 | B2: Import Supplier 1 | C2: IS1 | D2: DUIS3.0 | E2: UIT-A | F2: =_xlfn.CONCAT(A2,"_",C2,"_",D2) -> 70-B3-D5-1F-31-AA-03-00_IS1_DUIS3.0
A3: 70-B3-D5-1F-31-AA-03-01 | B3: Import Supplier 2 | C3: IS2 | D3: DUIS3.0 | E3: UIT-A | F3: =_xlfn.CONCAT(A3,"_",C3,"_",D3) -> 70-B3-D5-1F-31-AA-03-01_IS2_DUIS3.0
A4: 70-B3-D5-1F-31-AA-03-02 | B4: Export Supplier | C4: ES | D4: DUIS3.0 | E4: UIT-A | F4: =_xlfn.CONCAT(A4,"_",C4,"_",D4) -> 70-B3-D5-1F-31-AA-03-02_ES_DUIS3.0
A5: 70-B3-D5-1F-31-AA-03-03 | B5: Gas Supplier 1 | C5: GS1 | D5: DUIS3.0 | E5: UIT-A | F5: =_xlfn.CONCAT(A5,"_",C5,"_",D5) -> 70-B3-D5-1F-31-AA-03-03_GS1_DUIS3.0
A6: 70-B3-D5-1F-31-AA-03-04 | B6: Gas Supplier 2 | C6: GS2 | D6: DUIS3.0 | E6: UIT-A | F6: =_xlfn.CONCAT(A6,"_",C6,"_",D6) -> 70-B3-D5-1F-31-AA-03-04_GS2_DUIS3.0
A7: 70-B3-D5-1F-31-AA-03-05 | B7: Electricity Distributor | C7: ED | D7: DUIS3.0 | E7: UIT-A | F7: =_xlfn.CONCAT(A7,"_",C7,"_",D7) -> 70-B3-D5-1F-31-AA-03-05_ED_DUIS3.0
A8: 70-B3-D5-1F-31-AA-03-06 | B8: Gas Transporter | C8: GT | D8: DUIS3.0 | E8: UIT-A | F8: =_xlfn.CONCAT(A8,"_",C8,"_",D8) -> 70-B3-D5-1F-31-AA-03-06_GT_DUIS3.0
A9: 70-B3-D5-1F-31-AA-03-07 | B9: Registered Supplier Agent | C9: RSA | D9: DUIS3.0 | E9: UIT-A | F9: =_xlfn.CONCAT(A9,"_",C9,"_",D9) -> 70-B3-D5-1F-31-AA-03-07_RSA_DUIS3.0
A10: 70-B3-D5-1F-31-AA-03-08 | B10: Other User | C10: OU | D10: DUIS3.0 | E10: UIT-A | F10: =_xlfn.CONCAT(A10,"_",C10,"_",D10) -> 70-B3-D5-1F-31-AA-03-08_OU_DUIS3.0
A11: 70-B3-D5-1F-31-AA-03-09 | B11: Import Supplier 1 | C11: IS1 | D11: DUIS3.1 | E11: UIT-A | F11: =_xlfn.CONCAT(A11,"_",C11,"_",D11) -> 70-B3-D5-1F-31-AA-03-09_IS1_DUIS3.1
A12: 70-B3-D5-1F-31-AA-03-10 | B12: Import Supplier 2 | C12: IS2 | D12: DUIS3.1 | E12: UIT-A | F12: =_xlfn.CONCAT(A12,"_",C12,"_",D12) -> 70-B3-D5-1F-31-AA-03-10_IS2_DUIS3.1
A13: 70-B3-D5-1F-31-AA-03-11 | B13: Export Supplier | C13: ES | D13: DUIS3.1 | E13: UIT-A | F13: =_xlfn.CONCAT(A13,"_",C13,"_",D13) -> 70-B3-D5-1F-31-AA-03-11_ES_DUIS3.1
... A257: 70-B3-D5-1F-31-AA-02-63 | B257: Meter Data Retriever | C257: MDR | D257: DUIS5.3 | E257: SIT-B | F257: =_xlfn.CONCAT(A257,"_",C257,"_",D257) -> 70-B3-D5-1F-31-AA-02-63_MDR_DUIS5.3

Sheet Org Cert Template
B1: DS | D1: KA | F1: PPKA | H1: XMLSign
B2: Remote Party Role Code (Organisational Unit) | C2: Common Name | D2: Remote Party Role Code (Organisational Unit) | E2: Common Name | F2: Remote Party Role Code (Organisational Unit) | G2: Common Name | H2: Remote Party Role Code (Organisational Unit) | I2: Common Name
A3: Import Supplier | B3: 02 | C3: Import Supplier "x" | D3: 02 | E3: Import Supplier "x" | F3: 02 | G3: Import Supplier "x" | H3: 87 | I3: HCLT
A4: Gas Supplier | B4: 02 | C4: Gas Supplier "x" | D4: 02 | E4: Gas Supplier "x" | F4: 02 | G4: Gas Supplier "x" | H4: 87 | I4: HCL
A5: Export Supplier | B5: 02 | C5: Export Supplier | D5: 02 | E5: Export Supplier | F5: N/A | G5: Export Supplier | H5: 87 | I5: HCLT
A6: Electricity Distributor | B6: 03 | C6: Electricity Distributor | D6: 03 | E6: Electricity Distributor | F6: N/A | G6: Electricity Distributor | H6: 87 | I6: HCLT
A7: Gas Transporter | B7: 03 | C7: Gas Transporter | D7: 03 | E7: Gas Transporter | F7: N/A | G7: Gas Transporter | H7: 87 | I7: HCL
A8: Registered Supplier Agent | B8: NA | C8: Registered Supplier Agent | D8: 7F | E8: Registered Supplier Agent | F8: N/A | G8: Registered Supplier Agent | H8: 87 | I8: HCLT HCL
A9: Other User | B9: NA | C9: Other User | D9: 7F | E9: Other User | F9: N/A | G9: Other User | H9: 87 | I9: HCLT HCL
A10: Meter Data Retriever | B10: NA | C10: Meter Data Retriever | D10: 7F | E10: Meter Data Retriever | F10: N/A | G10: Meter Data Retriever | H10: 87 | I10: HCLT HCL
B12: Subject Common Name - see SEC Appendix B - "Organisation Certificate Profile" Note - we've chosen to ignore the rules around population of "Common Name" as SMKI doesn't prevent it, it's useful to include and doesn't seem to impact any Device Behaviour.
